{
	"Rare Crops": "Rare Crops",
	"Fish Farmer's": "Fish Farmer's",
	"Garden": "Garden",
	"Brewer's": "Brewer's",
	"Quality Fish": "Quality Fish",
	"Master Fisher's": "Master Fisher's",
	"Treasure Hunter's": "Treasure Hunter's",
	"Children's": "Children's",
	"Forager's": "Forager's",
	"Home Cook's": "Home Cook's",
	"Wild Medicine": "Wild Medicine",
	"Sticky": "Sticky",
	"Engineer's": "Engineer's",
	"Slime Farmer's": "Slime Farmer's",
	"Beekeeper's": "Beekeeper's",
	"Prospector's": "Prospector's",
	"Archaeologist's": "Archaeologist's"
}