{
	"RandomNegativeItemNoun": "sgudal#trealaich#treallaich#dòirt#cac",
	"RandomPositiveAdjective_Child": "leth-fhuar#spòrsail#sgoineil#snog#nifty#math\nfhèin#taghta",
	"RandomPositiveAdjective_AdultMale": "inntinneach#spreòdach#sgoineil#spòrsail#taghta#baibheil",
	"RandomPositiveAdjective_AdultFemale": "iongantach#mìorbhailteach#gluasadach#draoidheach#do-chreidsinn#alàinn#aoibhneachadh#tlachdmhor",
	"RandomPositiveAdjective_PlaceOrEvent": "iongantach#mìorbhailteach#gluasadach#draoidheach#do-chreidsinn#alàinn#aoibhneachadh#tlachdmhor",
	"RandomNegativeAdjective_Child": "gòrach#gloiceach#crùbach#ràsanach#balbh",
	"RandomNegativeAdjective_AdultMale": "grànda#uabhasach#mì-chàilear#dòrainn#gruamach#dìmeasach#ùmanta",
	"RandomNegativeAdjective_AdultFemale": "brònach#dòrainn#uallach#gruamach#sgèileach#leanabail#dìmeasach",
	"RandomNegativeAdjective_PlaceOrEvent": "brònach#dòrainn#uallach#gruamach#sgèileach#leanabail#dìmeasach",
	"RandomDeliciousAdjective": "blasta#blasmhor#iongantach#sàsachail#lìontach#blasta#blasta#aoibhneach",
	"RandomDeliciousAdjective_Child": "blasta",
	"RandomNegativeFoodAdjective_Child": "garbh",
	"RandomNegativeFoodAdjective_Polite": "...inntinneach#...anagrach#...diofaraichte#...neo-ghnàthach",
	"RandomNegativeFoodAdjective": "musach#garbh#sgreamhach#dìmeasach#sgàigeach#gu\ndìobhairt#grànda#grathail#sgreamhachadh#salach#gràineil#breun",
	"RandomSlightlyPositiveFoodAdjective": "deusanta#gu\nmath#ion-ithe",
	"ChildTerm_Male": "balach",
	"ChildTerm_Female": "caileach",
	"Pronoun_Male": "e",
	"Pronoun_Female": "i",
	"QuestionDialogue_Yes": "Tha",
	"QuestionDialogue_No": "Chan eil",
	"GenericPlayerTerm": "tuathanach",
	"Possessive_Pronoun_Male": "aige",
	"Possessive_Pronoun_Female": "aice"
}