{
	"0": "Tips On Farming--\n*Use fertilizer to improve quality, reduce workload, or hasten crop growth.\n*Fruit trees take a whole season to grow, but they require very little maintenance. Keep the area directly around your new sapling clear, or else it may not grow properly.\n*Crops will die as soon as the season ends, unless they grow in multiple seasons (e.g. Corn).\n*Some crops, such as kale and wheat, need to be harvested with the scythe.",
	"1": "...This is a book by Marnie.\n 'Animals are very sensitive. They like to be pet every day, and prefer to eat grass outdoors than dry hay. They don't like being outside in the rain, though. Happy animals produce higher quality products!'",
	"2": "On Foraging\n The local woods and mountains are great places to find wild produce! A good forager will clear out any weeds, stumps, or stones from these areas, so the wild produce has plenty of space to grow!\nExpert foragers know the secret to cultivating wild food so that it can be grown on the farm. Isn't that amazing?",
	"3": "The Fisherman, Act I: \nTex: Gordy, how do you catch so many fish? For me, it takes forever!\nGordy: You must make the choice to become a true fisherman... and over time your fishing speed will increase!\nTex: So you're saying that improving my fishing skill will make me fish faster?\nGordy:Correct. One day you may even learn the secret to creating your very own bobbers, improving your mastery even more. Now, begone!",
	"4": "  How deep do the mines go?\n This question has been pondered by many Gleann Dealtreul explorers over the years... The truth is, no one really knows. Or at least, they aren't telling anyone.\nUnfortunately, many of those who venture deep into the mines never return...\nHowever, there have been a few bold adventurers who have traveled deep into the mines, and have resurfaced with interesting reports.\n Apparently, there are three distinct areas in the mine, each with unique monsters and treasures.\nSome adventurers speak of gigantic underground lakes and strange creatures... But none of these claims have been proven.",
	"5": "An old farmer's journal:\n I've been here for a year now, and I've started to make friends with the local townspeople. It sure feels great! And they're sending me gifts and secret family recipes in the mail, too! That's really helpful.",
	"6": "'Scarecrows'\n Once you start growing a lot of crops on your farm, you can expect to be visited by crows. In the morning, you might discover that a crow has made breakfast out of your hard work!\nOne way to prevent those bothersome crows from eating your crops is to set up scarecrows near your crops.\nBe aware that scarecrows have limited range, so you'll need multiple if your farm is large.\nScarecrows keep track of how many crows they've diverted. You can use that to tell if they're in a useful spot.\n\n* 'Collectible Scarecrows' aren't just for looks! They work just the same as the regular model.",
	"7": "The Secret of the Stardrop \n--\nFor thousands of years, people have been intrigued by the mysterious powers of the stardrop... but no one knows where they come from!\n Professor R. J. Kutler, a leading researcher on strange fruit, says this: 'We've discovered traces of genetic material on meteorites that closely resemble the Stardrop, but it's not a proven match'.\nRegardless of where they come from, the peculiar fruit is said to be uncommonly delicious... and some even claim they grant special power to those who eat them.",
	"8": "Journey Of The Prairie King -- The Smash Hit Video Game!\n\nDid you know? Anyone who beats 'Journey Of The Prairie King' is automatically entered into a drawing for a special prize!\n\nDid you know? The developer has stated that the protagonist is based on a real-life character... A true cowboy hero from a prairie-island in the Gem Sea!",
	"9": "-- A Study On Diamond Yields --\n\n After years of research in the mines, I believe I've learned something about diamond frequency.\nMy research involved only the stones that are scattered about the mines...The ones that are broken with a pickaxe. Mineral yields from other sources require more research.\nDiamonds seem to only form at mine level 50 or greater. At level 50, approximately 1 in 500 stones will be diamond-rich.\n After level 50, the frequency of diamond formation seems to increase by about .000016 per level. Quite a rare gem!\n-M. Jasper",
	"10": "-~-Brewmaster's Guide-~-\n   Ah... to brew! \nThe rich smell of yeast wafting through a cedar loft... The floral overtones of freshly cut hops on a winter's eve... but I digress. You are probably more interested in the practical side of brewing...\nTo brew, you will need a keg. I'll leave it up to you to devise blueprints for a keg.\nKegs can be used to make several kinds of product. If vegetables are placed inside, the keg will produce juice. Juice takes the least amount of time to brew.\nIf wheat is placed in the keg, it will produce beer. Beer takes a while to brew, but it is quite profitable.\nPlacing hops in a keg will produce the beloved 'Pale Ale'\nPlace fruit in the keg to make wine. Wine takes the longest of all to make, but a wine made from the finest fruit is worth quite a bit!\nBe patient with your keg... you'll know it's finished when it's perfectly still. And only drink in moderation, or you'll surely regret it!",
	"11": "Mysteries Of The Dwarves\nThe Dwarves call themselves 'Smoluanu'... which translates to 'sky people'. An odd name for a group that lives deep underground, isn't it?\nAnother mystery of the dwarves is the advanced technology they supposedly possess. Evidence such as this had led me, despite the ridicule of my colleagues, to propose a new theory:\nI believe the dwarves are the remnants of a once advanced civilization whose interplanetary vehicle crashed on this planet long ago.\nI propose that this dwarvish spaceship bore down, deep underground... and over time, the dwarves became adapted to their new underground environment.\n My colleagues ask, 'Why didn't they come above ground and live on the surface?' ...Perhaps their old planet had a thicker atmosphere that protected them from stellar radiation, and they simply could not survive in our sunlight.\n That would explain why they only surface at night to take what they need from our houses...\n\n-M. Jasper",
	"12": "Highlights From The Book Of Yoba\n\nBefore time there was only the endless golden light.\n The light called out to itself...'Yoba'.\nYoba wanted more.\nYoba swirled the golden light into a vortex. Yoba swirled and swirled until a hole formed in the eye of the vortex.\nFrom this hole sprung a seed.\nYoba smoothed the golden light.\nYoba smoothed and smoothed, and the light became soil.\nInto this soil, Yoba planted the seed.\nThe seed sprouted, and behold! A vine sprung skyward, twisting and probing, casting a writhing shadow onto the golden void.\nAfter 11 days, the vine bore fruit.\nYoba, with knowing wisdom, peeled the tough skin off the fruit and saw that the world was inside.\nAnd so that is how the world came to be.",
	"13": "Marriage Guide For Farmers\nBefore you ask someone to marry you, you'll have to date them for a while first (Ask someone to date you with a bouquet from Pierre's).\n When you're ready to pop the big question, you'll need to give them a 'Mermaid's Pendant'. Everyone knows what it means when you present them with one of those.\n It's rumored that on stormy days, the ghost of an old mariner appears in Gleann Dealtreul, clutching just such a pendant.\n After the wedding ceremony, your partner will move in with you. Remember to treat your spouse well... They still like gifts even after marriage!\n \n(Paid for by Pierre)",
	"14": "The Fisherman, Act II: \nTex: Gordy, tell me your best fisherman's story.\nGordy: *deep sigh*...I've caught a lot of big fish in my time...And some that are very rare and difficult...But there was one that I struggled to catch for three days and three nights\nGordy: I call this fish... 'The Legend'. He was a huge beast... And the harder I tugged on the line, the harder he tugged back. I let my guard down for a moment and he snapped my boat in two. I've never fished since.\nTex: Do you think anyone will ever catch him?\nGordy: Hmm... If this person were a master at fishing, and caught all other rare fish first, and made sure they ate the correct kind of food... then maybe. Above all you've got to have respect for the water, son.\nTex:...son? Do you mean... you're...\n ...f...father?\nGordy: Yes, my boy.\n\n**Dramatic Music as the curtains fall**",
	"15": "Technology Report!\n\nThe blueprints for an advanced piece of machinery called a 'Crystalarium' have recently been published.\n This machine can grow crystals from almost nothing, providing their owners with endless supplies of valuable gems!\nHere's how it works: Place a gem of your choice inside the crystalarium... \nnow be patient, it can take up to several days... but eventually the crystalarium will grow a copy of whatever you placed inside!\nYou'll know it's ready when it stops wiggling. Once you remove your gem the crystalarium will start working on yet another clone... You'll never need to restock it unless you want to change the kind of gem it produces!\nUnfortunately, the crystalarium doesn't work with the extremely rare gemstone known as 'Prismatic Shard'... For some reason, the EMF from the shard interacts negatively with the crystalarium.",
	"16": "Secrets Of The Legendary Fish\n\nFishermen speak of five rare and unique fish that can only be caught by skilled anglers. Once caught, they will never appear again.\n\nThe crimsonfish lives in the warm ocean waters of summer. It's been sighted on the far eastern side of the beach.\n\nThe Glacierfish, which only appears in winter, can be caught off the southern tip of arrowhead island in Cindersap Forest... near where the river meets the ocean.\n\nThe Anglerfish has been spotted in fall, north of town where the river flows down from the mountains.\n\nThere's rumor of a strange, twisted fish that lives in the sewer.\n\n\n\nThe final fish, of a species never before caught, is known simply as 'legend'. It is rumored that he lives in a log submerged in the mountain lake, and only ventures out on rainy spring days to nibble at the frog's eggs. Only the most skilled fisherman can hope to catch this one.\n\nTrain at fishing and be persistent, and eventually you will catch these elusive fish. Make sure to respect the water and don't remove too many fish from the ecosystem.",
	"17": "...Saw something weird in the tunnel leading out from Selkirk. There's a little door hidden in the dark. Couldn't get it open, though.\n\n-Gunther",
	"18": "Note From Gunther: Wow, this library has really become great, thanks to your help! Thanks a bunch!",
	"19": "Goblins^by M. Jasper^^The species commonly known as \"Goblin\" seems to have originated in the forests of the far northeast, beyond the Bluemire Hills. Characterized by their green skin, bright red eyes, and foul smell, initial encounters with Goblins can be frightening for unexperienced travelers.^^Despite their unsettling appearance, Goblins possess an intellectual and emotional capacity akin to humans, and have no trouble learning our customs and languages. The goblins I've met have been rather friendly and amiable, once I've shown that I mean no harm. Unfortunately, centuries of distrust and ill-treatment from humans has led many Goblins to pursue careers in the employ of witches, warlocks, necromancers, and other unsavory types.^^A traditional Goblin diet largely consists of grub meat, typically from the large and juicy grub varieties native to the Goblin home-forest. On special occasions, Goblins will indulge in an item called 'void mayonnaise'... considered perhaps the finest delicacy in all Goblin cuisine.",
	"20": "Solok Ulan Paa Eno Ra Coto Ulan Coto Ulan Mabo Bel Eno Ra Teba Omi Walo Nemo^^Dop Ulan Coto Kui Mabo Awa Yoba Omi Solok Awa Lon Omi Omi Nemo^^Solok Teba Ra Awa Nemo Gawa Eno Bel Ulan Nemo Teba Omi Yoba Bel Omi Xi",
	"Missing": "There's a book missing here..."
}