{
	"Bookcase_Menu": "Read which book?",
	"Bookcase_Basics": "Basics",
	"Bookcase_MakingFriends": "Making Friends",
	"Bookcase_Improvements": "Improvements",
	"TV_Menu": "Select a program to watch:",
	"TV_Weather": "Weather",
	"AncientFruitPot": "Her roots grow very deep... she wouldn't be happy in there.",
	"TV_Fortune": "Fortunte Teller",
	"CaskNoCellar": "Only works in Cellar.",
	"DarkTalisman": "Dark Talisman",
	"MagicInk": "Magic Ink",
	"MagnifyingGlass": "Magnifying Glass",
	"BearPaw": "Bear's Knowledge",
	"SpringOnionBugs": "Spring Onion Mastery",
	"SpecialCharm": "Special Charm",
	"CatalogueDescription": "Provides unlimited access to all wallpapers and floors... from the convenience of your home!",
	"FurnitureCatalogueDescription": "Provides unlimited access to almost every furniture item... from the convenience of your home!",
	"DarkTalismanDescription": "You've found the {0}! It's covered in bug slime...",
	"MagicInkDescription": "You've found the Wizard's lost {0}! Better return it to him.",
	"MagnifyingGlassDescription": "You received the {0}! You now have the ability to find 'Secret Notes'. These notes reveal rare and useful information, and can be reviewed in your collections tab.",
	"SpecialCharmDescription": "You received the {0}! You feel an aura of good fortune surrounding you (luck is permanently increased)!",
	"ParsnipSeedPackage_SomeoneElse": "This package belongs to someone else."
}