{
	"name": "Flower Dance",
	"conditions": "Forest/900 1400",
	"shop": "BO 48 350 -1 BO 192 350 -1 BO 204 350 -1 BO 108 250 -1 BBL 108 1000 1 O 18 50 10 O 22 50 10 BO 137 2500 1 F 1973 800 -1 F 1974 800 -1 F 1820 400 -1 F 1821 400 -1",
	"set-up": "event1/22 22/farmer 76 17 1/changeToTemporaryMap Forest-FlowerFestival/loadActors Set-Up/advancedMove Vincent true -6 0 0 -1 6 0 0 1/advancedMove Jas true 1 0 0 1 -6 0 0 -1 5 0/advancedMove Pam true 2 25000 0 -3 4 0 4 25000 -4 0 0 3/advancedMove Haley true 0 1 2 3000 2 0 0 -1 -2 0 3 500 4 500 1 500 2 500 2 0 1 500 2 500 3 500 4 500 0 2 0 -2 -2 0/advancedMove Caroline true 7 0 0 1 1 18000 0 -1 -7 0 3 18000/advancedMove Willy true 2 25000 -4 0 0 -12 4 0 0 -1 4 30000 0 1 -4 0 0 12 4 0/playerControl flowerFestival",
	"mainEvent": "pause 500/playMusic none/pause 500/globalFade/viewport -1000 -1000/loadActors MainEvent/warp farmer1 5 21/warp farmer2 11 21/warp farmer3 23 21/warp farmer4 12 21/faceDirection farmer1 2/faceDirection farmer3 2/faceDirection farmer4 2/faceDirection farmer 2/warp Girl1 13 24/warp Girl2 15 24/warp Girl3 11 24/warp Girl4 9 24/warp Girl5 17 24/warp Girl6 19 24/warp Guy1 13 27/warp Guy2 15 27/warp Guy3 11 27/warp Guy4 9 27/warp Guy5 17 27/warp Guy6 19 27/showFrame Girl1 40/showFrame Girl3 40/showFrame Girl5 40/showFrame Girl4 40/showFrame Girl2 40/showFrame Girl6 40/showFrame Guy6 44/showFrame Guy5 44/showFrame Guy4 44/showFrame Guy3 44/showFrame Guy2 44/showFrame Guy1 44/viewport 14 25 clamp true/pause 2000/playMusic FlowerDance/pause 600/animate Girl1 false true 600 43 41 43 42/animate Girl6 false true 600 43 41 43 42/animate Girl3 false true 600 43 41 43 42/animate Girl5 false true 600 43 41 43 42/animate Girl4 false true 600 43 41 43 42/animate Girl2 false true 600 43 41 43 42/animate Guy5 false true 600 44 45/animate Guy6 false true 600 44 45/animate Guy3 false true 600 44 45/animate Guy2 false true 600 44 45/animate Guy4 false true 600 44 45/animate Guy1 false true 600 44 45/pause 9600/animate Girl1 false true 600 46 47/animate Girl6 false true 600 46 47/animate Girl3 false true 600 46 47/animate Girl5 false true 600 46 47/animate Girl4 false true 600 46 47/animate Girl2 false true 600 46 47/animate Guy5 false true 300 46 47/animate Guy6 false true 300 46 47/animate Guy3 false true 300 46 47/animate Guy2 false true 300 46 47/animate Guy4 false true 300 46 47/animate Guy1 false true 300 46 47/positionOffset Guy1 0 -2/positionOffset Guy6 0 -2/positionOffset Guy4 0 -2/positionOffset Guy3 0 -2/positionOffset Guy2 0 -2/positionOffset Guy5 0 -2/pause 300/positionOffset Guy6 0 -2/positionOffset Guy1 0 -2/positionOffset Guy4 0 -2/positionOffset Guy3 0 -2/positionOffset Guy2 0 -2/positionOffset Guy5 0 -2/pause 300/positionOffset Guy6 0 -2/positionOffset Guy1 0 -2/positionOffset Guy4 0 -2/positionOffset Guy3 0 -2/positionOffset Guy2 0 -2/positionOffset Guy5 0 -2/pause 300/positionOffset Guy6 0 -2/positionOffset Guy1 0 -2/positionOffset Guy4 0 -2/positionOffset Guy3 0 -2/positionOffset Guy2 0 -2/positionOffset Guy5 0 -2/pause 300/positionOffset Guy6 0 -2/positionOffset Guy1 0 -2/positionOffset Guy4 0 -2/positionOffset Guy3 0 -2/positionOffset Guy2 0 -2/positionOffset Guy5 0 -2/pause 300/positionOffset Guy6 0 -2/positionOffset Guy1 0 -2/positionOffset Guy4 0 -2/positionOffset Guy3 0 -2/positionOffset Guy2 0 -2/positionOffset Guy5 0 -2/pause 300/positionOffset Guy6 0 -2/positionOffset Guy1 0 -2/positionOffset Guy4 0 -2/positionOffset Guy3 0 -2/positionOffset Guy2 0 -2/positionOffset Guy5 0 -2/pause 300/positionOffset Guy6 0 -2/positionOffset Guy1 0 -2/positionOffset Guy4 0 -2/positionOffset Guy3 0 -2/positionOffset Guy2 0 -2/positionOffset Guy5 0 -2/pause 300/positionOffset Guy6 0 -2/positionOffset Guy1 0 -2/positionOffset Guy4 0 -2/positionOffset Guy3 0 -2/positionOffset Guy2 0 -2/positionOffset Guy5 0 -2/pause 300/positionOffset Guy6 0 -2/positionOffset Guy1 0 -2/positionOffset Guy4 0 -2/positionOffset Guy3 0 -2/positionOffset Guy2 0 -2/positionOffset Guy5 0 -2/pause 300/positionOffset Guy6 0 -2/positionOffset Guy1 0 -2/positionOffset Guy4 0 -2/positionOffset Guy3 0 -2/positionOffset Guy2 0 -2/positionOffset Guy5 0 -2/pause 300/positionOffset Guy6 0 -2/positionOffset Guy1 0 -2/positionOffset Guy4 0 -2/positionOffset Guy3 0 -2/positionOffset Guy2 0 -2/positionOffset Guy5 0 -2/pause 300/positionOffset Guy6 0 -2/positionOffset Guy1 0 -2/positionOffset Guy4 0 -2/positionOffset Guy3 0 -2/positionOffset Guy2 0 -2/positionOffset Guy5 0 -2/pause 300/positionOffset Guy6 0 -2/positionOffset Guy1 0 -2/positionOffset Guy4 0 -2/positionOffset Guy3 0 -2/positionOffset Guy2 0 -2/positionOffset Guy5 0 -2/pause 300/positionOffset Guy6 0 -2/positionOffset Guy1 0 -2/positionOffset Guy4 0 -2/positionOffset Guy3 0 -2/positionOffset Guy2 0 -2/positionOffset Guy5 0 -2/pause 300/positionOffset Guy6 0 -2/positionOffset Guy1 0 -2/positionOffset Guy4 0 -2/positionOffset Guy3 0 -2/positionOffset Guy2 0 -2/positionOffset Guy5 0 -2/positionOffset Guy1 0 -2/positionOffset Guy4 0 -2/positionOffset Guy3 0 -2/positionOffset Guy2 0 -2/positionOffset Guy5 0 -2/pause 300/positionOffset Guy6 0 -2/positionOffset Guy1 0 -2/positionOffset Guy4 0 -2/positionOffset Guy3 0 -2/positionOffset Guy2 0 -2/positionOffset Guy5 0 -2/pause 300/positionOffset Guy1 0 -2/positionOffset Guy4 0 -2/positionOffset Guy3 0 -2/positionOffset Guy2 0 -2/positionOffset Guy5 0 -2/pause 300/positionOffset Guy6 0 -2/positionOffset Guy1 0 -2/positionOffset Guy4 0 -2/positionOffset Guy3 0 -2/positionOffset Guy2 0 -2/positionOffset Guy5 0 -2/pause 300/positionOffset Guy6 0 -2/positionOffset Guy1 0 -2/positionOffset Guy4 0 -2/positionOffset Guy3 0 -2/positionOffset Guy2 0 -2/positionOffset Guy5 0 -2/pause 300/positionOffset Guy1 0 -2/positionOffset Guy4 0 -2/positionOffset Guy3 0 -2/positionOffset Guy2 0 -2/positionOffset Guy5 0 -2/pause 300/positionOffset Guy6 0 -2/positionOffset Guy1 0 -2/positionOffset Guy4 0 -2/positionOffset Guy3 0 -2/positionOffset Guy2 0 -2/positionOffset Guy5 0 -2/pause 300/positionOffset Guy6 0 -2/positionOffset Guy1 0 -2/positionOffset Guy4 0 -2/positionOffset Guy3 0 -2/positionOffset Guy2 0 -2/positionOffset Guy5 0 -2/pause 300/positionOffset Guy6 0 -2/positionOffset Guy1 0 -2/positionOffset Guy4 0 -2/positionOffset Guy3 0 -2/positionOffset Guy2 0 -2/positionOffset Guy5 0 -2/pause 300/positionOffset Guy6 0 -2/positionOffset Guy1 0 -2/positionOffset Guy4 0 -2/positionOffset Guy3 0 -2/positionOffset Guy2 0 -2/positionOffset Guy5 0 -2/pause 300/positionOffset Guy6 0 -2/positionOffset Guy1 0 -2/positionOffset Guy4 0 -2/positionOffset Guy3 0 -2/positionOffset Guy2 0 -2/positionOffset Guy5 0 -2/pause 300/positionOffset Guy6 0 -2/positionOffset Guy1 0 -2/positionOffset Guy4 0 -2/positionOffset Guy3 0 -2/positionOffset Guy2 0 -2/positionOffset Guy5 0 -2/pause 300/positionOffset Guy6 0 -2/positionOffset Guy1 0 -2/positionOffset Guy4 0 -2/positionOffset Guy3 0 -2/positionOffset Guy2 0 -2/positionOffset Guy5 0 -2/animate Girl1 false true 600 43 41 43 42/animate Girl6 false true 600 43 41 43 42/animate Girl3 false true 600 43 41 43 42/animate Girl5 false true 600 43 41 43 42/animate Girl4 false true 600 43 41 43 42/animate Girl2 false true 600 43 41 43 42/animate Guy5 false true 600 44 45/animate Guy6 false true 600 44 45/animate Guy3 false true 600 44 45/animate Guy2 false true 600 44 45/animate Guy4 false true 600 44 45/animate Guy1 false true 600 44 45/pause 7600/stopAnimation Girl3/stopAnimation Girl6/stopAnimation Girl5/stopAnimation Girl2/stopAnimation Girl1/stopAnimation Girl4/stopAnimation Guy3/stopAnimation Guy2/stopAnimation Guy6/stopAnimation Guy1/stopAnimation Guy5/stopAnimation Guy4/pause 3000/globalFade/viewport -1000 -1000/message \"That was fun! Time to go home...\"/waitForOtherPlayers festivalEnd/end",
	"Abigail": "I really hate dancing in front of everyone... It's so embarrassing.#$e#Mom makes me do it.$u",
	"Robin": "Ahh... The air smells so sweet with all these flowers.$h",
	"Demetrius": "These springtime dances can be traced back to ancient fertility rituals.#$e#Hey... You should know about this stuff, farmer.",
	"Maru": "I like dancing, but this one is a little stilted. The old timers really love it, though.",
	"Sebastian": "Ugh...",
	"Linus": "Oh, hello there. It's nice of you to talk to me.#$b#Spring is almost over... what a shame.",
	"Pierre": "What! How'd you get back here?$u#$b#Don't touch anything.",
	"Caroline": "I wish Pierre would spend this time with the family...$s",
	"Alex": "I'm just enjoying the scenery... hehe.",
	"George": "Flowers? I can hardly see them.#$e#It's too bright out here!",
	"Evelyn": "I've been working on these floral arrangements for a week. Do you like them?",
	"Lewis": "If you'd like to dance with the other young people, you'll need to find a partner.",
	"Clint": "I wonder if Emily would dance with me?",
	"Penny": "*gulp*... I'm nervous.$s",
	"Pam": "Now this is the life... Huh, kid? Sweet wine, a babbling brook, warm air... Did I mention wine?",
	"Emily": "Whoo... I'm stuffed. Hey, have you tried the red jelly yet?",
	"Haley": "I'm practicing my dance moves... It needs to be perfect.#$e#I've been flower queen for the past 5 years and I'm not ready to step off the throne just yet!",
	"Jodi": "Are you going to be dancing today, @?$h",
	"Kent": "This open field... it makes me nervous.#$e#*whisper* Happy thoughts, Kent. Happy Thoughts.",
	"Marlon": "Marnie looks lovely today...",
	"Sam": "You know what? I admit it... I really like flowers!",
	"Leah": "Hi @. Glad to see you here.$h",
	"Shane": "Mmm... excellent sauce. *slurp*#$e#Ah, this green stuff is spicy! *munch*#$b#*crunch* ...ow.$s",
	"Marnie": "*sigh*... Love is in the air... And I'm still single.$s",
	"Elliott": "I wore my best shirt for the dance... This sort of thing doesn't happen very often!",
	"Gus": "Frog season is really starting to pick up.",
	"Dwarf": "You say it's raining up above? *gasp*#$e#Rain... It's almost mythical to us. Some of us live our entire lives without ever experiencing it.",
	"Wizard": "You shouldn't be up here.",
	"Harvey": "I'm working up the courage to ask someone to dance with me.$11",
	"Sandy": "I heard it's raining back home. Is that why you came here?$h#$e#I kind of miss the rain, actually...$s",
	"Jas": "Some day, I'm going to be the flower queen!",
	"Vincent": "That's not fair... Why can't I be the flower queen?",
	"Willy": "I should've brought my fishing pole.",
	"Leo": "The flowers here are nice, but they aren't as colorful as back home!$h#$e#I wonder if I'll ever have to get up there and dance...$u"
}