{
   "Format": "1.19.0",
   "Changes": [
 	  {
         "Action": "Load",
         "Target": "Characters/Dialogue/Abigail",
         "FromFile": "Content/Characters/Dialogue/Abigail.gd-GD.json",
		 "When": {
			"Language": "en"
		  }
      },
 	  {
         "Action": "Load",
         "Target": "Characters/Dialogue/Alex",
         "FromFile": "Content/Characters/Dialogue/Alex.gd-GD.json",
		 "When": {
			"Language": "en"
		  }
      },
	  {
         "Action": "Load",
         "Target": "Characters/Dialogue/Caroline",
         "FromFile": "Content/Characters/Dialogue/Caroline.gd-GD.json",
		 "When": {
			"Language": "en"
		  }
      },
	  {
         "Action": "Load",
         "Target": "Characters/Dialogue/Clint",
         "FromFile": "Content/Characters/Dialogue/Clint.gd-GD.json",
		 "When": {
			"Language": "en"
		  }
      },
	  {
         "Action": "Load",
         "Target": "Characters/Dialogue/Demetrius",
         "FromFile": "Content/Characters/Dialogue/Demetrius.gd-GD.json",
		 "When": {
			"Language": "en"
		  }
      },
	  {
         "Action": "Load",
         "Target": "Characters/Dialogue/Dwarf",
         "FromFile": "Content/Characters/Dialogue/Dwarf.gd-GD.json",
		 "When": {
			"Language": "en"
		  }
      },
	  {
         "Action": "Load",
         "Target": "Characters/Dialogue/Elliott",
         "FromFile": "Content/Characters/Dialogue/Elliott.gd-GD.json",
		 "When": {
			"Language": "en"
		  }
      },
	  {
         "Action": "Load",
         "Target": "Characters/Dialogue/Emily",
         "FromFile": "Content/Characters/Dialogue/Emily.gd-GD.json",
		 "When": {
			"Language": "en"
		  }
      },
	  {
         "Action": "Load",
         "Target": "Characters/Dialogue/Evelyn",
         "FromFile": "Content/Characters/Dialogue/Evelyn.gd-GD.json",
		 "When": {
			"Language": "en"
		  }
      },
	  {
         "Action": "Load",
         "Target": "Characters/Dialogue/George",
         "FromFile": "Content/Characters/Dialogue/George.gd-GD.json",
		 "When": {
			"Language": "en"
		  }
      },
	  {
         "Action": "Load",
         "Target": "Characters/Dialogue/Gil",
         "FromFile": "Content/Characters/Dialogue/Gil.gd-GD.json",
		 "When": {
			"Language": "en"
		  }
      },
	  {
         "Action": "Load",
         "Target": "Characters/Dialogue/Gus",
         "FromFile": "Content/Characters/Dialogue/Gus.gd-GD.json",
		 "When": {
			"Language": "en"
		  }
      },
	  {
         "Action": "Load",
         "Target": "Characters/Dialogue/Haley",
         "FromFile": "Content/Characters/Dialogue/Haley.gd-GD.json",
		 "When": {
			"Language": "en"
		  }
      },
	  {
         "Action": "Load",
         "Target": "Characters/Dialogue/Harvey",
         "FromFile": "Content/Characters/Dialogue/Harvey.gd-GD.json",
		 "When": {
			"Language": "en"
		  }
      },
	  {
         "Action": "Load",
         "Target": "Characters/Dialogue/Jas",
         "FromFile": "Content/Characters/Dialogue/Jas.gd-GD.json",
		 "When": {
			"Language": "en"
		  }
      },
	  {
         "Action": "Load",
         "Target": "Characters/Dialogue/Jodi",
         "FromFile": "Content/Characters/Dialogue/Jodi.gd-GD.json",
		 "When": {
			"Language": "en"
		  }
      },
	  {
         "Action": "Load",
         "Target": "Characters/Dialogue/Kent",
         "FromFile": "Content/Characters/Dialogue/Kent.gd-GD.json",
		 "When": {
			"Language": "en"
		  }
      },
	  {
         "Action": "Load",
         "Target": "Characters/Dialogue/Krobus",
         "FromFile": "Content/Characters/Dialogue/Krobus.gd-GD.json",
		 "When": {
			"Language": "en"
		  }
      },
	  {
         "Action": "Load",
         "Target": "Characters/Dialogue/Leah",
         "FromFile": "Content/Characters/Dialogue/Leah.gd-GD.json",
		 "When": {
			"Language": "en"
		  }
      },
	  {
         "Action": "Load",
         "Target": "Characters/Dialogue/Leo",
         "FromFile": "Content/Characters/Dialogue/Leo.gd-GD.json",
		 "When": {
			"Language": "en"
		  }
      },
	  {
         "Action": "Load",
         "Target": "Characters/Dialogue/LeoMainland",
         "FromFile": "Content/Characters/Dialogue/LeoMainland.gd-GD.json",
		 "When": {
			"Language": "en"
		  }
      },
	  {
         "Action": "Load",
         "Target": "Characters/Dialogue/Lewis",
         "FromFile": "Content/Characters/Dialogue/Lewis.gd-GD.json",
		 "When": {
			"Language": "en"
		  }
      },
	  {
         "Action": "Load",
         "Target": "Characters/Dialogue/Linus",
         "FromFile": "Content/Characters/Dialogue/Linus.gd-GD.json",
		 "When": {
			"Language": "en"
		  }
      },
	  {
         "Action": "Load",
         "Target": "Characters/Dialogue/Marnie",
         "FromFile": "Content/Characters/Dialogue/Marnie.gd-GD.json",
		 "When": {
			"Language": "en"
		  }
      },
	  {
         "Action": "Load",
         "Target": "Characters/Dialogue/MarriageDialogue",
         "FromFile": "Content/Characters/Dialogue/MarriageDialogue.gd-GD.json",
		 "When": {
			"Language": "en"
		  }
      },
	  {
         "Action": "Load",
         "Target": "Characters/Dialogue/MarriageDialogueAbigail",
         "FromFile": "Content/Characters/Dialogue/MarriageDialogueAbigail.gd-GD.json",
		 "When": {
			"Language": "en"
		  }
      },
	  {
         "Action": "Load",
         "Target": "Characters/Dialogue/MarriageDialogueAlex",
         "FromFile": "Content/Characters/Dialogue/MarriageDialogueAlex.gd-GD.json",
		 "When": {
			"Language": "en"
		  }
      },
	  {
         "Action": "Load",
         "Target": "Characters/Dialogue/MarriageDialogueElliott",
         "FromFile": "Content/Characters/Dialogue/MarriageDialogueElliott.gd-GD.json",
		 "When": {
			"Language": "en"
		  }
      },
	  {
         "Action": "Load",
         "Target": "Characters/Dialogue/MarriageDialogueEmily",
         "FromFile": "Content/Characters/Dialogue/MarriageDialogueEmily.gd-GD.json",
		 "When": {
			"Language": "en"
		  }
      },
	  {
         "Action": "Load",
         "Target": "Characters/Dialogue/MarriageDialogueHaley",
         "FromFile": "Content/Characters/Dialogue/MarriageDialogueHaley.gd-GD.json",
		 "When": {
			"Language": "en"
		  }
      },
	  {
         "Action": "Load",
         "Target": "Characters/Dialogue/MarriageDialogueHarvey",
         "FromFile": "Content/Characters/Dialogue/MarriageDialogueHarvey.gd-GD.json",
		 "When": {
			"Language": "en"
		  }
      },
	  {
         "Action": "Load",
         "Target": "Characters/Dialogue/MarriageDialogueKrobus",
         "FromFile": "Content/Characters/Dialogue/MarriageDialogueKrobus.gd-GD.json",
		 "When": {
			"Language": "en"
		  }
      },
	  {
         "Action": "Load",
         "Target": "Characters/Dialogue/MarriageDialogueLeah",
         "FromFile": "Content/Characters/Dialogue/MarriageDialogueLeah.gd-GD.json",
		 "When": {
			"Language": "en"
		  }
      },
	  {
         "Action": "Load",
         "Target": "Characters/Dialogue/MarriageDialogueMaru",
         "FromFile": "Content/Characters/Dialogue/MarriageDialogueMaru.gd-GD.json",
		 "When": {
			"Language": "en"
		  }
      },
	  {
         "Action": "Load",
         "Target": "Characters/Dialogue/MarriageDialoguePenny",
         "FromFile": "Content/Characters/Dialogue/MarriageDialoguePenny.gd-GD.json",
		 "When": {
			"Language": "en"
		  }
      },
	  {
         "Action": "Load",
         "Target": "Characters/Dialogue/MarriageDialogueSam",
         "FromFile": "Content/Characters/Dialogue/MarriageDialogueSam.gd-GD.json",
		 "When": {
			"Language": "en"
		  }
      },
	  {
         "Action": "Load",
         "Target": "Characters/Dialogue/MarriageDialogueSebastian",
         "FromFile": "Content/Characters/Dialogue/MarriageDialogueSebastian.gd-GD.json",
		 "When": {
			"Language": "en"
		  }
      },
	  {
         "Action": "Load",
         "Target": "Characters/Dialogue/MarriageDialogueShane",
         "FromFile": "Content/Characters/Dialogue/MarriageDialogueShane.gd-GD.json",
		 "When": {
			"Language": "en"
		  }
      },
	  {
         "Action": "Load",
         "Target": "Characters/Dialogue/Maru",
         "FromFile": "Content/Characters/Dialogue/Maru.gd-GD.json",
		 "When": {
			"Language": "en"
		  }
      },
	  {
         "Action": "Load",
         "Target": "Characters/Dialogue/Mister Qi",
         "FromFile": "Content/Characters/Dialogue/Mister Qi.gd-GD.json",
		 "When": {
			"Language": "en"
		  }
      },
	  {
         "Action": "Load",
         "Target": "Characters/Dialogue/Pam",
         "FromFile": "Content/Characters/Dialogue/Pam.gd-GD.json",
		 "When": {
			"Language": "en"
		  }
      },
	  {
         "Action": "Load",
         "Target": "Characters/Dialogue/Penny",
         "FromFile": "Content/Characters/Dialogue/Penny.gd-GD.json",
		 "When": {
			"Language": "en"
		  }
      },
	  {
         "Action": "Load",
         "Target": "Characters/Dialogue/Pierre",
         "FromFile": "Content/Characters/Dialogue/Pierre.gd-GD.json",
		 "When": {
			"Language": "en"
		  }
      },
	  {
         "Action": "Load",
         "Target": "Characters/Dialogue/rainy",
         "FromFile": "Content/Characters/Dialogue/rainy.gd-GD.json",
		 "When": {
			"Language": "en"
		  }
      },
	  {
         "Action": "Load",
         "Target": "Characters/Dialogue/Robin",
         "FromFile": "Content/Characters/Dialogue/Robin.gd-GD.json",
		 "When": {
			"Language": "en"
		  }
      },
	  {
         "Action": "Load",
         "Target": "Characters/Dialogue/Sam",
         "FromFile": "Content/Characters/Dialogue/Sam.gd-GD.json",
		 "When": {
			"Language": "en"
		  }
      },
	  {
         "Action": "Load",
         "Target": "Characters/Dialogue/Sandy",
         "FromFile": "Content/Characters/Dialogue/Sandy.gd-GD.json",
		 "When": {
			"Language": "en"
		  }
      },
	  {
         "Action": "Load",
         "Target": "Characters/Dialogue/Sebastian",
         "FromFile": "Content/Characters/Dialogue/Sebastian.gd-GD.json",
		 "When": {
			"Language": "en"
		  }
      },
	  {
         "Action": "Load",
         "Target": "Characters/Dialogue/Shane",
         "FromFile": "Content/Characters/Dialogue/Shane.gd-GD.json",
		 "When": {
			"Language": "en"
		  }
      },
	  {
         "Action": "Load",
         "Target": "Characters/Dialogue/Vincent",
         "FromFile": "Content/Characters/Dialogue/Vincent.gd-GD.json",
		 "When": {
			"Language": "en"
		  }
      },
	  {
         "Action": "Load",
         "Target": "Characters/Dialogue/Willy",
         "FromFile": "Content/Characters/Dialogue/Willy.gd-GD.json",
		 "When": {
			"Language": "en"
		  }
      },
	  {
         "Action": "Load",
         "Target": "Characters/Dialogue/Wizard",
         "FromFile": "Content/Characters/Dialogue/Wizard.gd-GD.json",
		 "When": {
			"Language": "en"
		  }
      },
	  {
         "Action": "Load",
         "Target": "Data/Achievements",
         "FromFile": "Content/Data/Achievements.gd-GD.json",
		 "When": {
			"Language": "en"
		  }
      },
	  {
         "Action": "Load",
         "Target": "Data/BigCraftablesInformation",
         "FromFile": "Content/Data/BigCraftablesInformation.gd-GD.json",
		 "When": {
			"Language": "en"
		  }
      },
	  {
         "Action": "Load",
         "Target": "Data/Blueprints",
         "FromFile": "Content/Data/Blueprints.gd-GD.json",
		 "When": {
			"Language": "en"
		  }
      },
	  {
         "Action": "Load",
         "Target": "Data/Boots",
         "FromFile": "Content/Data/Boots.gd-GD.json",
		 "When": {
			"Language": "en"
		  }
      },
	  {
         "Action": "Load",
         "Target": "Data/Bundles",
         "FromFile": "Content/Data/Bundles.gd-GD.json",
		 "When": {
			"Language": "en"
		  }
      },
	  {
         "Action": "Load",
         "Target": "Data/ClothingInformation",
         "FromFile": "Content/Data/ClothingInformation.gd-GD.json",
		 "When": {
			"Language": "en"
		  }
      }, 
	  {
         "Action": "Load",
         "Target": "Data/Concessions",
         "FromFile": "Content/Data/Concessions.gd-GD.json",
		 "When": {
			"Language": "en"
		  }
      },
	  {
         "Action": "Load",
         "Target": "Data/CookingRecipes",
         "FromFile": "Content/Data/CookingRecipes.gd-GD.json",
		 "When": {
			"Language": "en"
		  }
      },
	  {
         "Action": "Load",
         "Target": "Data/CraftingRecipes",
         "FromFile": "Content/Data/CraftingRecipes.gd-GD.json",
		 "When": {
			"Language": "en"
		  }
      },
	  {
         "Action": "Load",
         "Target": "Data/EngagementDialogue",
         "FromFile": "Content/Data/EngagementDialogue.gd-GD.json",
		 "When": {
			"Language": "en"
		  }
      },
	  {
         "Action": "Load",
         "Target": "Data/ExtraDialogue",
         "FromFile": "Content/Data/ExtraDialogue.gd-GD.json",
		 "When": {
			"Language": "en"
		  }
      },
	  {
         "Action": "Load",
         "Target": "Data/FarmAnimals",
         "FromFile": "Content/Data/FarmAnimals.gd-GD.json",
		 "When": {
			"Language": "en"
		  }
      },
	  {
         "Action": "Load",
         "Target": "Data/Fish",
         "FromFile": "Content/Data/Fish.gd-GD.json",
		 "When": {
			"Language": "en"
		  }
      },
	  {
         "Action": "Load",
         "Target": "Data/Furniture",
         "FromFile": "Content/Data/Furniture.gd-GD.json",
		 "When": {
			"Language": "en"
		  }
      },
	  {
         "Action": "Load",
         "Target": "Data/hats",
         "FromFile": "Content/Data/hats.gd-GD.json",
		 "When": {
			"Language": "en"
		  }
      },
	  {
         "Action": "Load",
         "Target": "Data/mail",
         "FromFile": "Content/Data/mail.gd-GD.json",
		 "When": {
			"Language": "en"
		  }
      },
	  {
         "Action": "Load",
         "Target": "Data/Monsters",
         "FromFile": "Content/Data/Monsters.gd-GD.json",
		 "When": {
			"Language": "en"
		  }
      },
	  {
         "Action": "Load",
         "Target": "Data/Movies",
         "FromFile": "Content/Data/Movies.gd-GD.json",
		 "When": {
			"Language": "en"
		  }
      },
	  {
         "Action": "Load",
         "Target": "Data/MoviesReactions",
         "FromFile": "Content/Data/MoviesReactions.gd-GD.json",
		 "When": {
			"Language": "en"
		  }
      },
	  {
         "Action": "Load",
         "Target": "Data/NPCDispositions",
         "FromFile": "Content/Data/NPCDispositions.gd-GD.json",
		 "When": {
			"Language": "en"
		  }
      },
	  {
         "Action": "Load",
         "Target": "Data/NPCGiftTastes",
         "FromFile": "Content/Data/NPCGiftTastes.gd-GD.json",
		 "When": {
			"Language": "en"
		  }
      },
	  {
         "Action": "Load",
         "Target": "Data/ObjectInformation",
         "FromFile": "Content/Data/ObjectInformation.gd-GD.json",
		 "When": {
			"Language": "en"
		  }
      },
	  {
         "Action": "Load",
         "Target": "Data/Quests",
         "FromFile": "Content/Data/Quests.gd-GD.json",
		 "When": {
			"Language": "en"
		  }
      },
	  {
         "Action": "Load",
         "Target": "Data/SecretNotes",
         "FromFile": "Content/Data/SecretNotes.gd-GD.json",
		 "When": {
			"Language": "en"
		  }
      },
	  {
         "Action": "Load",
         "Target": "Data/weapons",
         "FromFile": "Content/Data/weapons.gd-GD.json",
		 "When": {
			"Language": "en"
		  }
      },
	  {
         "Action": "Load",
         "Target": "Data/Events/AbandonedJojaMart",
         "FromFile": "Content/Data/Events/AbandonedJojaMart.gd-GD.json",
		 "When": {
			"Language": "en"
		  }
      },
	  {
         "Action": "Load",
         "Target": "Data/Events/AnimalShop",
         "FromFile": "Content/Data/Events/AnimalShop.gd-GD.json",
		 "When": {
			"Language": "en"
		  }
      },
	  {
         "Action": "Load",
         "Target": "Data/Events/ArchaeologyHouse",
         "FromFile": "Content/Data/Events/ArchaeologyHouse.gd-GD.json",
		 "When": {
			"Language": "en"
		  }
      },
	  {
         "Action": "Load",
         "Target": "Data/Events/Backwoods",
         "FromFile": "Content/Data/Events/Backwoods.gd-GD.json",
		 "When": {
			"Language": "en"
		  }
      },
	  {
         "Action": "Load",
         "Target": "Data/Events/BathHouse_Pool",
         "FromFile": "Content/Data/Events/BathHouse_Pool.gd-GD.json",
		 "When": {
			"Language": "en"
		  }
      },
	  {
         "Action": "Load",
         "Target": "Data/Events/Beach",
         "FromFile": "Content/Data/Events/Beach.gd-GD.json",
		 "When": {
			"Language": "en"
		  }
      },
	  {
         "Action": "Load",
         "Target": "Data/Events/BoatTunnel",
         "FromFile": "Content/Data/Events/BoatTunnel.gd-GD.json",
		 "When": {
			"Language": "en"
		  }
      },
	  {
         "Action": "Load",
         "Target": "Data/Events/BusStop",
         "FromFile": "Content/Data/Events/BusStop.gd-GD.json",
		 "When": {
			"Language": "en"
		  }
      },
	  {
         "Action": "Load",
         "Target": "Data/Events/CommunityCenter",
         "FromFile": "Content/Data/Events/CommunityCenter.gd-GD.json",
		 "When": {
			"Language": "en"
		  }
      },
	  {
         "Action": "Load",
         "Target": "Data/Events/ElliottHouse",
         "FromFile": "Content/Data/Events/ElliottHouse.gd-GD.json",
		 "When": {
			"Language": "en"
		  }
      },
	  {
         "Action": "Load",
         "Target": "Data/Events/Farm",
         "FromFile": "Content/Data/Events/Farm.gd-GD.json",
		 "When": {
			"Language": "en"
		  }
      },
	  {
         "Action": "Load",
         "Target": "Data/Events/FarmHouse",
         "FromFile": "Content/Data/Events/FarmHouse.gd-GD.json",
		 "When": {
			"Language": "en"
		  }
      },
	  {
         "Action": "Load",
         "Target": "Data/Events/FishShop",
         "FromFile": "Content/Data/Events/FishShop.gd-GD.json",
		 "When": {
			"Language": "en"
		  }
      },
	  {
         "Action": "Load",
         "Target": "Data/Events/Forest",
         "FromFile": "Content/Data/Events/Forest.gd-GD.json",
		 "When": {
			"Language": "en"
		  }
      },
	  {
         "Action": "Load",
         "Target": "Data/Events/HaleyHouse",
         "FromFile": "Content/Data/Events/HaleyHouse.gd-GD.json",
		 "When": {
			"Language": "en"
		  }
      },
	  {
         "Action": "Load",
         "Target": "Data/Events/HarveyRoom",
         "FromFile": "Content/Data/Events/HarveyRoom.gd-GD.json",
		 "When": {
			"Language": "en"
		  }
      },
	  {
         "Action": "Load",
         "Target": "Data/Events/Hospital",
         "FromFile": "Content/Data/Events/Hospital.gd-GD.json",
		 "When": {
			"Language": "en"
		  }
      },
	  {
         "Action": "Load",
         "Target": "Data/Events/IslandHut",
         "FromFile": "Content/Data/Events/IslandHut.gd-GD.json",
		 "When": {
			"Language": "en"
		  }
      },
	  {
         "Action": "Load",
         "Target": "Data/Events/IslandNorth",
         "FromFile": "Content/Data/Events/IslandNorth.gd-GD.json",
		 "When": {
			"Language": "en"
		  }
      },
	  {
         "Action": "Load",
         "Target": "Data/Events/IslandSouth",
         "FromFile": "Content/Data/Events/IslandSouth.gd-GD.json",
		 "When": {
			"Language": "en"
		  }
      },
	  {
         "Action": "Load",
         "Target": "Data/Events/IslandWest",
         "FromFile": "Content/Data/Events/IslandWest.gd-GD.json",
		 "When": {
			"Language": "en"
		  }
      },
	  {
         "Action": "Load",
         "Target": "Data/Events/JoshHouse",
         "FromFile": "Content/Data/Events/JoshHouse.gd-GD.json",
		 "When": {
			"Language": "en"
		  }
      },
	  {
         "Action": "Load",
         "Target": "Data/Events/LeahHouse",
         "FromFile": "Content/Data/Events/LeahHouse.gd-GD.json",
		 "When": {
			"Language": "en"
		  }
      },
	  {
         "Action": "Load",
         "Target": "Data/Events/ManorHouse",
         "FromFile": "Content/Data/Events/ManorHouse.gd-GD.json",
		 "When": {
			"Language": "en"
		  }
      },
	  {
         "Action": "Load",
         "Target": "Data/Events/Mine",
         "FromFile": "Content/Data/Events/Mine.gd-GD.json",
		 "When": {
			"Language": "en"
		  }
      },
	  {
         "Action": "Load",
         "Target": "Data/Events/Mountain",
         "FromFile": "Content/Data/Events/Mountain.gd-GD.json",
		 "When": {
			"Language": "en"
		  }
      },
	  {
         "Action": "Load",
         "Target": "Data/Events/QiNutRoom",
         "FromFile": "Content/Data/Events/QiNutRoom.gd-GD.json",
		 "When": {
			"Language": "en"
		  }
      },
	  {
         "Action": "Load",
         "Target": "Data/Events/Railroad",
         "FromFile": "Content/Data/Events/Railroad.gd-GD.json",
		 "When": {
			"Language": "en"
		  }
      },
	  {
         "Action": "Load",
         "Target": "Data/Events/Saloon",
         "FromFile": "Content/Data/Events/Saloon.gd-GD.json",
		 "When": {
			"Language": "en"
		  }
      },
	  {
         "Action": "Load",
         "Target": "Data/Events/SamHouse",
         "FromFile": "Content/Data/Events/SamHouse.gd-GD.json",
		 "When": {
			"Language": "en"
		  }
      },
	  {
         "Action": "Load",
         "Target": "Data/Events/SandyHouse",
         "FromFile": "Content/Data/Events/SandyHouse.gd-GD.json",
		 "When": {
			"Language": "en"
		  }
      },
	  {
         "Action": "Load",
         "Target": "Data/Events/ScienceHouse",
         "FromFile": "Content/Data/Events/ScienceHouse.gd-GD.json",
		 "When": {
			"Language": "en"
		  }
      },
	  {
         "Action": "Load",
         "Target": "Data/Events/SebastianRoom",
         "FromFile": "Content/Data/Events/SebastianRoom.gd-GD.json",
		 "When": {
			"Language": "en"
		  }
      },
	  {
         "Action": "Load",
         "Target": "Data/Events/SeedShop",
         "FromFile": "Content/Data/Events/SeedShop.gd-GD.json",
		 "When": {
			"Language": "en"
		  }
      },
	  {
         "Action": "Load",
         "Target": "Data/Events/Sewer",
         "FromFile": "Content/Data/Events/Sewer.gd-GD.json",
		 "When": {
			"Language": "en"
		  }
      },
	  {
         "Action": "Load",
         "Target": "Data/Events/Sunroom",
         "FromFile": "Content/Data/Events/Sunroom.gd-GD.json",
		 "When": {
			"Language": "en"
		  }
      },
	  {
         "Action": "Load",
         "Target": "Data/Events/Temp",
         "FromFile": "Content/Data/Events/Temp.gd-GD.json",
		 "When": {
			"Language": "en"
		  }
      },
	  {
         "Action": "Load",
         "Target": "Data/Events/Tent",
         "FromFile": "Content/Data/Events/Tent.gd-GD.json",
		 "When": {
			"Language": "en"
		  }
      },
	  {
         "Action": "Load",
         "Target": "Data/Events/Town",
         "FromFile": "Content/Data/Events/Town.gd-GD.json",
		 "When": {
			"Language": "en"
		  }
      },
	  {
         "Action": "Load",
         "Target": "Data/Events/Trailer",
         "FromFile": "Content/Data/Events/Trailer.gd-GD.json",
		 "When": {
			"Language": "en"
		  }
      },
	  {
         "Action": "Load",
         "Target": "Data/Events/Trailer_Big",
         "FromFile": "Content/Data/Events/Trailer_Big.gd-GD.json",
		 "When": {
			"Language": "en"
		  }
      },
	  {
         "Action": "Load",
         "Target": "Data/Events/WizardHouse",
         "FromFile": "Content/Data/Events/WizardHouse.gd-GD.json",
		 "When": {
			"Language": "en"
		  }
      },
	  {
         "Action": "Load",
         "Target": "Data/Events/Woods",
         "FromFile": "Content/Data/Events/Woods.gd-GD.json",
		 "When": {
			"Language": "en"
		  }
      },
	  {
         "Action": "Load",
         "Target": "Data/Festivals/fall16",
         "FromFile": "Content/Data/Festivals/fall16.gd-GD.json",
		 "When": {
			"Language": "en"
		  }
      },
	  {
         "Action": "Load",
         "Target": "Data/Festivals/fall27",
         "FromFile": "Content/Data/Festivals/fall27.gd-GD.json",
		 "When": {
			"Language": "en"
		  }
      },
	  {
         "Action": "Load",
         "Target": "Data/Festivals/FestivalDates",
         "FromFile": "Content/Data/Festivals/FestivalDates.gd-GD.json",
		 "When": {
			"Language": "en"
		  }
      },
	  {
         "Action": "Load",
         "Target": "Data/Festivals/spring13",
         "FromFile": "Content/Data/Festivals/spring13.gd-GD.json",
		 "When": {
			"Language": "en"
		  }
      },
	  {
         "Action": "Load",
         "Target": "Data/Festivals/spring24",
         "FromFile": "Content/Data/Festivals/spring24.gd-GD.json",
		 "When": {
			"Language": "en"
		  }
      },
	  {
         "Action": "Load",
         "Target": "Data/Festivals/summer11",
         "FromFile": "Content/Data/Festivals/summer11.gd-GD.json",
		 "When": {
			"Language": "en"
		  }
      },
	  {
         "Action": "Load",
         "Target": "Data/Festivals/summer28",
         "FromFile": "Content/Data/Festivals/summer28.gd-GD.json",
		 "When": {
			"Language": "en"
		  }
      },
	  {
         "Action": "Load",
         "Target": "Data/Festivals/winter8",
         "FromFile": "Content/Data/Festivals/winter8.gd-GD.json",
		 "When": {
			"Language": "en"
		  }
      },
	  {
         "Action": "Load",
         "Target": "Data/Festivals/winter25",
         "FromFile": "Content/Data/Festivals/winter25.gd-GD.json",
		 "When": {
			"Language": "en"
		  }
      },
	  {
         "Action": "Load",
         "Target": "Data/TV/CookingChannel",
         "FromFile": "Content/Data/TV/CookingChannel.gd-GD.json",
		 "When": {
			"Language": "en"
		  }
      },
	  {
         "Action": "Load",
         "Target": "Data/TV/InterviewShow",
         "FromFile": "Content/Data/TV/InterviewShow.gd-GD.json",
		 "When": {
			"Language": "en"
		  }
      },
	  {
         "Action": "Load",
         "Target": "Data/TV/TipChannel",
         "FromFile": "Content/Data/TV/TipChannel.gd-GD.json",
		 "When": {
			"Language": "en"
		  }
      },
	  {
         "Action": "Load",
         "Target": "LooseSprites/Billboard",
         "FromFile": "Content/LooseSprites/Billboard.gd-GD.png",
		 "When": {
			"Language": "en"
		  }
      },
	  {
         "Action": "Load",
         "Target": "LooseSprites/ControllerMaps",
         "FromFile": "Content/LooseSprites/ControllerMaps.gd-GD.png",
		 "When": {
			"Language": "en"
		  }
      },
	  {
         "Action": "Load",
         "Target": "LooseSprites/Cursors",
         "FromFile": "Content/LooseSprites/Cursors.gd-GD.png",
		 "When": {
			"Language": "en"
		  }
      },
	  {
         "Action": "Load",
         "Target": "LooseSprites/Cursors2",
         "FromFile": "Content/LooseSprites/Cursors2.gd-GD.png",
		 "When": {
			"Language": "en"
		  }
      },
	  {
         "Action": "Load",
         "Target": "LooseSprites/JojaCDForm",
         "FromFile": "Content/LooseSprites/JojaCDForm.gd-GD.png",
		 "When": {
			"Language": "en"
		  }
      },
	  {
         "Action": "Load",
         "Target": "LooseSprites/JunimoNote",
         "FromFile": "Content/LooseSprites/JunimoNote.gd-GD.png",
		 "When": {
			"Language": "en"
		  }
      },
	  {
         "Action": "Load",
         "Target": "LooseSprites/LanguageButtons",
         "FromFile": "Content/LooseSprites/LanguageButtons.gd-GD.png"
      },
	  {
         "Action": "Load",
         "Target": "LooseSprites/Logo",
         "FromFile": "Content/LooseSprites/Logo.gd-GD.png",
		 "When": {
			"Language": "en"
		  }
      },
	  {
         "Action": "Load",
         "Target": "LooseSprites/Movies",
         "FromFile": "Content/LooseSprites/Movies.gd-GD.png",
		 "When": {
			"Language": "en"
		  }
      },
	  {
         "Action": "Load",
         "Target": "LooseSprites/yellowLettersLogo",
         "FromFile": "Content/LooseSprites/yellowLettersLogo.gd-GD.png",
		 "When": {
			"Language": "en"
		  }
      },
	  {
         "Action": "Load",
         "Target": "Maps/bathhouse_tiles",
         "FromFile": "Content/Maps/bathhouse_tiles.gd-GD.png",
		 "When": {
			"Language": "en"
		  }
      },
	  {
         "Action": "Load",
         "Target": "Maps/coopTiles",
         "FromFile": "Content/Maps/coopTiles.gd-GD.png",
		 "When": {
			"Language": "en"
		  }
      },
	  {
         "Action": "Load",
         "Target": "Maps/DesertTiles",
         "FromFile": "Content/Maps/DesertTiles.gd-GD.png",
		 "When": {
			"Language": "en"
		  }
      },
	  {
         "Action": "Load",
         "Target": "Maps/fall_beach",
         "FromFile": "Content/Maps/fall_beach.gd-GD.png",
		 "When": {
			"Language": "en"
		  }
      },
	  {
         "Action": "Load",
         "Target": "Maps/fall_outdoorsTileSheet",
         "FromFile": "Content/Maps/fall_outdoorsTileSheet.gd-GD.png",
		 "When": {
			"Language": "en"
		  }
      },
	  {
         "Action": "Load",
         "Target": "Maps/fall_town",
         "FromFile": "Content/Maps/fall_town.gd-GD.png",
		 "When": {
			"Language": "en"
		  }
      },
	  {
         "Action": "Load",
         "Target": "Maps/Festivals",
         "FromFile": "Content/Maps/Festivals.gd-GD.png",
		 "When": {
			"Language": "en"
		  }
      },
	  {
         "Action": "Load",
         "Target": "Maps/samshowtiles",
         "FromFile": "Content/Maps/samshowtiles.gd-GD.png",
		 "When": {
			"Language": "en"
		  }
      },
	  {
         "Action": "Load",
         "Target": "Maps/spring_beach",
         "FromFile": "Content/Maps/spring_beach.gd-GD.png",
		 "When": {
			"Language": "en"
		  }
      },
	  {
         "Action": "Load",
         "Target": "Maps/spring_outdoorsTileSheet",
         "FromFile": "Content/Maps/spring_outdoorsTileSheet.gd-GD.png",
		 "When": {
			"Language": "en"
		  }
      },
	  {
         "Action": "Load",
         "Target": "Maps/spring_town",
         "FromFile": "Content/Maps/spring_town.gd-GD.png",
		 "When": {
			"Language": "en"
		  }
      },
	  {
         "Action": "Load",
         "Target": "Maps/springobjects",
         "FromFile": "Content/Maps/springobjects.gd-GD.png",
		 "When": {
			"Language": "en"
		  }
      },
	  {
         "Action": "Load",
         "Target": "Maps/stadium_tiles",
         "FromFile": "Content/Maps/stadium_tiles.gd-GD.png",
		 "When": {
			"Language": "en"
		  }
      },
	  {
         "Action": "Load",
         "Target": "Maps/summer_beach",
         "FromFile": "Content/Maps/summer_beach.gd-GD.png",
		 "When": {
			"Language": "en"
		  }
      },
	  {
         "Action": "Load",
         "Target": "Maps/summer_outdoorsTileSheet",
         "FromFile": "Content/Maps/summer_outdoorsTileSheet.gd-GD.png",
		 "When": {
			"Language": "en"
		  }
      },
	  {
         "Action": "Load",
         "Target": "Maps/summer_town",
         "FromFile": "Content/Maps/summer_town.gd-GD.png",
		 "When": {
			"Language": "en"
		  }
      },
	  {
         "Action": "Load",
         "Target": "Maps/TownIndoors",
         "FromFile": "Content/Maps/TownIndoors.gd-GD.png",
		 "When": {
			"Language": "en"
		  }
      },
	  {
         "Action": "Load",
         "Target": "Maps/townInterior",
         "FromFile": "Content/Maps/townInterior.gd-GD.png",
		 "When": {
			"Language": "en"
		  }
      },
	  {
         "Action": "Load",
         "Target": "Maps/winter_beach",
         "FromFile": "Content/Maps/winter_beach.gd-GD.png",
		 "When": {
			"Language": "en"
		  }
      },
	  {
         "Action": "Load",
         "Target": "Maps/winter_outdoorsTileSheet",
         "FromFile": "Content/Maps/winter_outdoorsTileSheet.gd-GD.png",
		 "When": {
			"Language": "en"
		  }
      },
	  {
         "Action": "Load",
         "Target": "Maps/winter_town",
         "FromFile": "Content/Maps/winter_town.gd-GD.png",
		 "When": {
			"Language": "en"
		  }
      },
	  {
         "Action": "Load",
         "Target": "Minigames/Intro",
         "FromFile": "Content/Minigames/Intro.gd-GD.png",
		 "When": {
			"Language": "en"
		  }
      },
	  {
         "Action": "Load",
         "Target": "Minigames/jojacorps",
         "FromFile": "Content/Minigames/jojacorps.gd-GD.png",
		 "When": {
			"Language": "en"
		  }
      },
	  {
         "Action": "Load",
         "Target": "Minigames/MineCart",
         "FromFile": "Content/Minigames/MineCart.gd-GD.png",
		 "When": {
			"Language": "en"
		  }
      },
	  {
         "Action": "Load",
         "Target": "Minigames/TitleButtons",
         "FromFile": "Content/Minigames/TitleButtons.gd-GD.png"
      },
	  {
         "Action": "Load",
         "Target": "Strings/animationDescriptions",
         "FromFile": "Content/Strings/animationDescriptions.gd-GD.json",
		 "When": {
			"Language": "en"
		  }
      },
	  {
         "Action": "Load",
         "Target": "Strings/Buildings",
         "FromFile": "Content/Strings/Buildings.gd-GD.json",
		 "When": {
			"Language": "en"
		  }
      },
	  {
         "Action": "Load",
         "Target": "Strings/BundleNames",
         "FromFile": "Content/Strings/BundleNames.gd-GD.json",
		 "When": {
			"Language": "en"
		  }
      },
	  {
         "Action": "Load",
         "Target": "Strings/Characters",
         "FromFile": "Content/Strings/Characters.gd-GD.json",
		 "When": {
			"Language": "en"
		  }
      },
	  {
         "Action": "Load",
         "Target": "Strings/credits",
         "FromFile": "Content/Strings/credits.gd-GD.json",
		 "When": {
			"Language": "en"
		  }
      },
	  {
         "Action": "Load",
         "Target": "Strings/EnchantmentNames",
         "FromFile": "Content/Strings/EnchantmentNames.gd-GD.json",
		 "When": {
			"Language": "en"
		  }
      },
	  {
         "Action": "Load",
         "Target": "Strings/Events",
         "FromFile": "Content/Strings/Events.gd-GD.json",
		 "When": {
			"Language": "en"
		  }
      },
	  {
         "Action": "Load",
         "Target": "Strings/FarmAnimals",
         "FromFile": "Content/Strings/FarmAnimals.gd-GD.json",
		 "When": {
			"Language": "en"
		  }
      },
	  {
         "Action": "Load",
         "Target": "Strings/Lexicon",
         "FromFile": "Content/Strings/Lexicon.gd-GD.json",
		 "When": {
			"Language": "en"
		  }
      },
	  {
         "Action": "Load",
         "Target": "Strings/Locations",
         "FromFile": "Content/Strings/Locations.gd-GD.json",
		 "When": {
			"Language": "en"
		  }
      },
	  {
         "Action": "Load",
         "Target": "Strings/Notes",
         "FromFile": "Content/Strings/Notes.gd-GD.json",
		 "When": {
			"Language": "en"
		  }
      },
	  {
         "Action": "Load",
         "Target": "Strings/NPCNames",
         "FromFile": "Content/Strings/NPCNames.gd-GD.json",
		 "When": {
			"Language": "en"
		  }
      },
	  {
         "Action": "Load",
         "Target": "Strings/Objects",
         "FromFile": "Content/Strings/Objects.gd-GD.json",
		 "When": {
			"Language": "en"
		  }
      },
	  {
         "Action": "Load",
         "Target": "Strings/Quests",
         "FromFile": "Content/Strings/Quests.gd-GD.json",
		 "When": {
			"Language": "en"
		  }
      },
	  {
         "Action": "Load",
         "Target": "Strings/SpecialOrderStrings",
         "FromFile": "Content/Strings/SpecialOrderStrings.gd-GD.json",
		 "When": {
			"Language": "en"
		  }
      },
	  {
         "Action": "Load",
         "Target": "Strings/SpeechBubbles",
         "FromFile": "Content/Strings/SpeechBubbles.gd-GD.json",
		 "When": {
			"Language": "en"
		  }
      },
	  {
         "Action": "Load",
         "Target": "Strings/StringsFromCSFiles",
         "FromFile": "Content/Strings/StringsFromCSFiles.gd-GD.json",
		 "When": {
			"Language": "en"
		  }
      },
	  {
         "Action": "Load",
         "Target": "Strings/StringsFromMaps",
         "FromFile": "Content/Strings/StringsFromMaps.gd-GD.json",
		 "When": {
			"Language": "en"
		  }
      }, 
 	  {
         "Action": "Load",
         "Target": "Strings/UI",
         "FromFile": "Content/Strings/UI.gd-GD.json",
		 "When": {
			"Language": "en"
		  }
      },
	  {
         "Action": "Load",
         "Target": "Strings/schedules/Abigail",
         "FromFile": "Content/Strings/schedules/Abigail.gd-GD.json",
		 "When": {
			"Language": "en"
		  }
      },
	  {
         "Action": "Load",
         "Target": "Strings/schedules/Alex",
         "FromFile": "Content/Strings/schedules/Alex.gd-GD.json",
		 "When": {
			"Language": "en"
		  }
      },
	  {
         "Action": "Load",
         "Target": "Strings/schedules/Caroline",
         "FromFile": "Content/Strings/schedules/Caroline.gd-GD.json",
		 "When": {
			"Language": "en"
		  }
      },
	  {
         "Action": "Load",
         "Target": "Strings/schedules/Clint",
         "FromFile": "Content/Strings/schedules/Clint.gd-GD.json",
		 "When": {
			"Language": "en"
		  }
      },
	  {
         "Action": "Load",
         "Target": "Strings/schedules/Demetrius",
         "FromFile": "Content/Strings/schedules/Demetrius.gd-GD.json",
		 "When": {
			"Language": "en"
		  }
      },
	  {
         "Action": "Load",
         "Target": "Strings/schedules/Elliott",
         "FromFile": "Content/Strings/schedules/Elliott.gd-GD.json",
		 "When": {
			"Language": "en"
		  }
      },
	  {
         "Action": "Load",
         "Target": "Strings/schedules/Emily",
         "FromFile": "Content/Strings/schedules/Emily.gd-GD.json",
		 "When": {
			"Language": "en"
		  }
      },
	  {
         "Action": "Load",
         "Target": "Strings/schedules/Evelyn",
         "FromFile": "Content/Strings/schedules/Evelyn.gd-GD.json",
		 "When": {
			"Language": "en"
		  }
      },
	  {
         "Action": "Load",
         "Target": "Strings/schedules/George",
         "FromFile": "Content/Strings/schedules/George.gd-GD.json",
		 "When": {
			"Language": "en"
		  }
      },
	  {
         "Action": "Load",
         "Target": "Strings/schedules/Gus",
         "FromFile": "Content/Strings/schedules/Gus.gd-GD.json",
		 "When": {
			"Language": "en"
		  }
      },
	  {
         "Action": "Load",
         "Target": "Strings/schedules/Haley",
         "FromFile": "Content/Strings/schedules/Haley.gd-GD.json",
		 "When": {
			"Language": "en"
		  }
      },
	  {
         "Action": "Load",
         "Target": "Strings/schedules/Harvey",
         "FromFile": "Content/Strings/schedules/Harvey.gd-GD.json",
		 "When": {
			"Language": "en"
		  }
      },
	  {
         "Action": "Load",
         "Target": "Strings/schedules/Jas",
         "FromFile": "Content/Strings/schedules/Jas.gd-GD.json",
		 "When": {
			"Language": "en"
		  }
      },
	  {
         "Action": "Load",
         "Target": "Strings/schedules/Jodi",
         "FromFile": "Content/Strings/schedules/Jodi.gd-GD.json",
		 "When": {
			"Language": "en"
		  }
      },
	  {
         "Action": "Load",
         "Target": "Strings/schedules/Leah",
         "FromFile": "Content/Strings/schedules/Leah.gd-GD.json",
		 "When": {
			"Language": "en"
		  }
      },
	  {
         "Action": "Load",
         "Target": "Strings/schedules/Leo",
         "FromFile": "Content/Strings/schedules/Leo.gd-GD.json",
		 "When": {
			"Language": "en"
		  }
      },
	  {
         "Action": "Load",
         "Target": "Strings/schedules/Lewis",
         "FromFile": "Content/Strings/schedules/Lewis.gd-GD.json",
		 "When": {
			"Language": "en"
		  }
      },
	  {
         "Action": "Load",
         "Target": "Strings/schedules/Linus",
         "FromFile": "Content/Strings/schedules/Linus.gd-GD.json",
		 "When": {
			"Language": "en"
		  }
      },
	  {
         "Action": "Load",
         "Target": "Strings/schedules/Marnie",
         "FromFile": "Content/Strings/schedules/Marnie.gd-GD.json",
		 "When": {
			"Language": "en"
		  }
      },
	  {
         "Action": "Load",
         "Target": "Strings/schedules/Maru",
         "FromFile": "Content/Strings/schedules/Maru.gd-GD.json",
		 "When": {
			"Language": "en"
		  }
      },
	  {
         "Action": "Load",
         "Target": "Strings/schedules/Pam",
         "FromFile": "Content/Strings/schedules/Pam.gd-GD.json",
		 "When": {
			"Language": "en"
		  }
      },
	  {
         "Action": "Load",
         "Target": "Strings/schedules/Penny",
         "FromFile": "Content/Strings/schedules/Penny.gd-GD.json",
		 "When": {
			"Language": "en"
		  }
      },
	  {
         "Action": "Load",
         "Target": "Strings/schedules/Pierre",
         "FromFile": "Content/Strings/schedules/Pierre.gd-GD.json",
		 "When": {
			"Language": "en"
		  }
      },
	  {
         "Action": "Load",
         "Target": "Strings/schedules/Robin",
         "FromFile": "Content/Strings/schedules/Robin.gd-GD.json",
		 "When": {
			"Language": "en"
		  }
      },
	  {
         "Action": "Load",
         "Target": "Strings/schedules/Sam",
         "FromFile": "Content/Strings/schedules/Sam.gd-GD.json",
		 "When": {
			"Language": "en"
		  }
      },
	  {
         "Action": "Load",
         "Target": "Strings/schedules/Sandy",
         "FromFile": "Content/Strings/schedules/Sandy.gd-GD.json",
		 "When": {
			"Language": "en"
		  }
      },
	  {
         "Action": "Load",
         "Target": "Strings/schedules/Sebastian",
         "FromFile": "Content/Strings/schedules/Sebastian.gd-GD.json",
		 "When": {
			"Language": "en"
		  }
      },
	  {
         "Action": "Load",
         "Target": "Strings/schedules/Shane",
         "FromFile": "Content/Strings/schedules/Shane.gd-GD.json",
		 "When": {
			"Language": "en"
		  }
      },
	  {
         "Action": "Load",
         "Target": "Strings/schedules/Vincent",
         "FromFile": "Content/Strings/schedules/Vincent.gd-GD.json",
		 "When": {
			"Language": "en"
		  }
      },
	  {
         "Action": "Load",
         "Target": "Strings/schedules/Willy",
         "FromFile": "Content/Strings/schedules/Willy.gd-GD.json",
		 "When": {
			"Language": "en"
		  }
      },
	  {
         "Action": "Load",
         "Target": "TileSheets/furniture",
         "FromFile": "Content/TileSheets/furniture.gd-GD.png",
		 "When": {
			"Language": "en"
		  }
      },
	  {
         "Action": "Load",
         "Target": "Maps/samshowtiles",
         "FromFile": "Content/Maps/samshowtiles.gd-GD.png",
		 "When": {
			"Language": "en"
		  }
      },
	  {
         "Action": "Load",
         "Target": "LooseSprites/CraneGame",
         "FromFile": "Content/LooseSprites/CraneGame_international.png",
		 "When": {
			"Language": "en"
		  }
      },
	  {
         "Action": "Load",
         "Target": "LooseSprites/MobileAtlas_manually_made",
         "FromFile": "Content/LooseSprites/MobileAtlas_manually_made.gd-GD.png",
		 "When": {
			"Language": "en"
		  }
      },
	  {
         "Action": "Load",
         "Target": "LooseSprites/logo",
         "FromFile": "Content/LooseSprites/logo.gd-GD.png",
		 "When": {
			"Language": "en"
		  }
      },
	  
	  
	  
   ]
}