{
	"5/e 3/v Abigail/t 600 800": "continue/64 15/farmer 64 16 2 Abigail 64 18 0/pause 1500/speak Abigail \"Hi. Um... I just wanted to say sorry for acting so weird yesterday.#$b#You probably understand what happened...$l#$b#Uh, okay...bye.\"/pause 500/end",
	"47/f Sam 2000/t 600 800/e 44": "continue/64 15/farmer 64 16 2 Sam 64 18 0/pause 1500/speak Sam \"Hi @. Guess what? My band is playing a show tonight, in Zuzu City!#$b#Meet me at the bus stop around 4:00 this afternoon to leave for the show. You better be there!\"/pause 300/end dialogue Sam \"I'm excited and a little nervous for the show tonight. I'm sure everything will turn out okay.\"",
	"2346097/f Abigail 2010/x abbySpiritBoard": "null",
	"2346096/f Penny 2505/x pennySpa": "null",
	"2346095/f Elliott 2002/x elliottReading": "null",
	"2346094/f Elliott 2502/x elliottBoat": "null",
	"2111194/e 917409/f Emily 2000/x EmilyClothingTherapy": "null",
	"2111294/e 2123243/f Emily 2502/w sunny/D Emily/x EmilyCamping": "null",
	"3333094/e 191393/x pierreHours": "null",
	"2346093/f Harvey 2502/x harveyBalloon": "null",
	"2346092/f Sam 2502/x samMessage": "null",
	"2346091/f Alex 2502/x joshMessage": "null",
	"2146991/y 3/H": "spring_day_ambient/8 7/farmer 64 16 2/broadcastEvent/globalFade/viewport 8 7 clamp true/pause 3000/grandpaCandles/pause 3000/end",
	"55/f Leah 2000/t 600 800/z winter/n LeahArtShowSuggestion": "continue/64 15/farmer 64 16 2 Leah 64 18 0/pause 1500/speak Leah \"Hi @! Are you free this afternoon?#$b#I finally got my act together and I'm doing my art show tonight in the town square!$h#$b#Come into town between 3:00 and 5:00 pm if you want to be there!\"/pause 300/end dialogue Leah \"I'm nervous...$l\"",
	"63/y 2/t 600 1800/H": "continue/64 15/farmer 64 16 2 Kent 64 18 0/broadcastEvent/pause 1500/speak Kent \"Um, hello there. My name's Kent. I just got back last night... from overseas. My wife told me that a new farmer had moved in while I was gone.\"/pause 500/speak Kent \"Well, I just wanted to introduce myself... I'll see you around.\"/pause 300/end",
	"992553/t 600 1130/n copperFound": "continue/64 15/farmer 64 16 2 Clint 64 18 0/skippable/pause 1500/speak Clint \"Uh... Hi there. Good morning.#$b#I noticed that you've been breaking some rocks open and finding ore. That's good!\"/pause 500/speak Clint \"If you want to get the most out of the ores you find, you'll need a furnace.\"/pause 500/speak Clint \"Just so happens I had an extra set of blueprints lying around. Here, I want you to have them.\"/pause 800/itemAboveHead/playSound getNewSpecialItem/addCraftingRecipe Furnace/pause 3300/message \"Learned how to craft a 'Furnace'\"/pause 800/speak Clint \"The furnace allows you to smelt metal bars. The bars can be used for crafting, construction, and tool upgrades.\"/pause 500/faceDirection Clint 1/pause 500/faceDirection Clint 0/speak Clint \" When you've smelted a few copper bars, consider having me upgrade one of your tools. It can make your work a lot easier.#$b#Well, okay. I'm heading home. Take it easy.\"/pause 200/addQuest 11/end",
	"900553/t 600 1130/Hn ccPantry/A cc_Greenhouse/w sunny": "continue/64 15/farmer 64 16 2 Evelyn 64 18 0/skippable/pause 1500/speak Evelyn \"Good morning, dear.\"/pause 500/faceDirection Evelyn 3/pause 500/faceDirection Evelyn 2/speak Evelyn \"It was a lovely walk out here... I haven't seen this old farm in a long time.$s#$b#It looks even better than I remember!$h\"/pause 500/faceDirection Evelyn 3/faceDirection Evelyn 0/pause 500/speak Evelyn \"Here, I brought you a little something.#$b#It's a gift... from one gardener to another.$h\"/pause 800/itemAboveHead pot/playSound getNewSpecialItem/pause 3300/awardFestivalPrize pot/pause 200/message \"Received a 'Garden Pot'\"/pause 800/speak Evelyn \"These pots are really handy. You can use them to grow crops of any season indoors!#$b#They also look nice outside... but out here they can only house in-season crops.\"/pause 500/speak Evelyn \"If you need more, they're really easy to make, too... here, I've got an old magazine clipping with instructions.\"/pause 200/playSound getNewSpecialItem/addCraftingRecipe Garden Pot/pause 500/message \"Learned how to craft a 'Garden Pot'\"/pause 800/speak Evelyn \"Well, I'd better go. George gets grumpy if he doesn't have his oatmeal on time...#$b#You have a great day, honey!$h\"/pause 500/end",
	"992253/t 600 1130/f Leah 1500/w sunny": "continue/64 15/farmer 64 16 2 Leah 64 18 0/pause 1500/speak Leah \"Hi, @. Beautiful day, isn't it?\"/pause 500/speak Leah \"I brought you a gift.#$b#It's a sculpture I've been working on, just for you.\"/pause 500/pause 800/itemAboveHead sculpture/pause 3300/pause 800/awardFestivalPrize sculpture/pause 800/pause 50/speak Leah \"It's called... 'How I Feel About @'. I hope you like it.\"/pause 50/pause 50/end",
	"65/m 25000/t 600 1200/H": "continue/64 15/farmer 64 16 2 Demetrius 64 18 0/pause 1500/speak Demetrius \"Hi @! I have some good news for you. A few days ago I made a breakthrough in my research on the local environment.$h#$b#I'll spare you the technical details and get to the point... You know that empty cave over there, a little ways to the west? Well, I have a way to turn it into something useful... for both of us.#$b#I'd like to set up the cave to attract some local species. That way I can observe them in a more controlled environment. And you can harvest whatever products they produce.#$b#I can either set up the cave to attract mushrooms or fruit bats. The bats will sometimes leave fruit for you to collect.\"/cave/speak Demetrius \"Alright! I'll go set it up for you right now! It shouldn't take any time at all.$h#$b#Thanks for letting me do this.\"/end dialogue Demetrius \"I'm excited to see what happens with that cave. Aren't you?#$e#I hope you're pleased with the work I did.\"",
	"66/e 295672/t 600 700/H": "continue/64 15/farmer 64 16 2 Gunther 64 18 0/broadcastEvent/rustyKey/skippable/pause 1500/speak Gunther \"Oh, good morning Mr. @!^Oh, good morning Ms. @!#$b#I hope it's not too early...$s#$b#Well, I just wanted to stop by and thank you in person for all the wonderful artifacts and minerals you've discovered... you've done so much for one person!$h#$b#In fact, I've just received a letter from the office of the regional secretary of artifacts... We're being honored with the coveted 'golden shovel' award for our significant contributions to the field!#$b#And it's all thanks to you!$h#$b#Well, I should let you get back to your work...\"/pause 500/faceDirection Gunther 2/pause 700/emote Gunther 16/faceDirection Gunther 0/speak Gunther \"Oh! I almost forgot!#$b#I have a gift for you... It's an old key that's been sealed in the museum vault for at least 100 years. It's a little rusty, but still beautiful.$h\"/pause 500/pause 500/playSound reward/message \"You got the 'Rusty Key'! It's been added to your wallet.\"/pause 500/end",
	"690006/n slimeHutchBuilt/H": "continue/64 15/farmer 64 16 2 Marlon 66 15 2/broadcastEvent/skippable/pause 1000/move farmer -1 0 2/move farmer 0 1 1/pause 500/showFrame Marlon 12/pause 1000/speak Marlon \"Bumped into Robin this morning... she told me you've got a new Slime Hutch!\"/showFrame Marlon 8/shake Marlon 1600/textAboveHead Marlon \"Not bad!\"/pause 1600/showFrame Marlon 12/pause 500/speak Marlon \"I was into slime breeding at your age. It's a great hobby... but dangerous.#$b#How'd you think I lost this eye?\"/shake Marlon 1000/showFrame Marlon 12/textAboveHead Marlon \"Hah!\"/pause 1000/textAboveHead Marlon \"Just Kidding.\"/showFrame Marlon 12/pause 200/showFrame Marlon 7/animate Marlon false false 120 4 5 6 7/pause 800/speak Marlon \"Here, I've got something for you.\"/faceDirection farmer 2/itemAboveHead slimeEgg/pause 1000/pause 1000/pause 1300/awardFestivalPrize slimeEgg/pause 300/faceDirection farmer 1 true/pause 500/showFrame Marlon 12/speak Marlon \"It's a slime egg. You can place that inside a slime incubator to hatch it.#$b#Now, take a good hard look at that egg. Next time you're out slime-hunting keep your eyes peeled for more eggs. They're rare, but slimes do drop them from time to time.#$b#Collect eggs from different slimes to add some variety to your herd!\"/pause 500/end",
	"68/m 5000/g male/x mom1": "null",
	"69/m 15000/g male/x mom2": "null",
	"70/m 32000/g male/x mom3": "null",
	"71/m 120000/g male/x mom4": "null",
	"72/m 5000/g female/x dad1": "null",
	"73/m 15000/g female/x dad2": "null",
	"74/m 32000/g female/x dad3": "null",
	"75/m 120000/g female/x dad4": "null",
	"76/m 27000/x newsstory": "null",
	"706/u 15/x fertilizers": "null",
	"707/y 2/x fertilizers2": "null",
	"909/z spring/z summer/z fall/x WoodChipper": "null",
	"1590166/m 1000/t 600 930/d Mon Tue Thu Sat Sun/w sunny/h cat/H": "continue/64 15/farmer 64 15 2 Marnie 65 16 0 cat 63 16 2/faceDirection Cat 2/pause 500/animate Cat false false 120 16 17 18 18/pause 480/animate Cat false true 120 18/pause 2000/speak Marnie \"Hello @!$h#$b#You see this cat here?\"/faceDirection Marnie 3/pause 400/showFrame Cat 18/playSound cat/pause 1200/faceDirection Marnie 0/speak Marnie \"I found it sitting outside the entrance to your farm! I think it's a stray... poor little thing.$s\"/showFrame Cat 19/pause 500/showFrame Cat 18/playSound cat/shake Cat 150/pause 1500/speak Marnie \"I think it likes this place! Hey, um.... Don't you think this farm could use a good cat?$h\"/catQuestion/pause 1000/faceDirection Marnie 3/speak Marnie \"Well, little %pet... You be a good kitty now... okay?\"/pause 500/showFrame Cat 19/shake Cat 100/playSound cat/pause 800/animate Cat false false 120 20 21 22 23 21 22 23 21 22 23 21 22 23 21 22 23 21 22 23 21 22 23/pause 200/globalFade/viewport -1000 -1000/end",
	"897405/m 1000/t 600 930/d Mon Tue Thu Sat Sun/w sunny/h dog/H": "continue/64 15/farmer 64 15 2 Marnie 65 16 0 dog 63 16 2/faceDirection Dog 1/pause 500/animate Dog false false 120 20 21 22 23 23/pause 480/animate Dog false true 120 23/pause 2000/speak Marnie \"Hello @!$h#$b#You see this dog here?\"/faceDirection Marnie 3/pause 400/showFrame Dog 26/playSound dog_bark/pause 200/showFrame Dog 23/pause 600/showFrame Dog 26/playSound dog_bark/pause 200/showFrame Dog 23/pause 1000/animate Dog false true 200 24 25/playSound dog_pant/pause 400/playSound dog_pant/pause 400/playSound dog_pant/pause 1200/faceDirection Marnie 0/speak Marnie \"I found it sitting outside the entrance to your farm! I think it's a stray... poor thing.$s\"/pause 500/animate Dog false true 400 23 31/pause 1500/speak Marnie \"Hey, it seems to like this place! Hey, um.... Don't you think this farm could use a good dog?$h\"/catQuestion/pause 1000/faceDirection Marnie 3/speak Marnie \"Well,  %pet... You be a good pooch now... okay?\"/pause 500/stopAnimation Dog/showFrame Dog 26/playSound dog_bark/pause 200/showFrame Dog 23/pause 1000/globalFade/viewport -1000 -1000/end",
	"91/f Marnie 750/t 600 930": "continue/64 15/farmer 64 16 2 Marnie 64 18 0/pause 1500/addQuest 21/skippable/speak Marnie \"Good morning, Mr. @!$h^Good Morning, Ms. @!$h#$b#I came by to ask you a favor, since you're such a kind neighbor.#$b#You see, I'm trying to train my goats to say 'hello'... but they simply won't pay attention to me unless I have their favorite treat, cave carrots!$u#$b#So... since I'm scared of the mines... I thought, well, maybe you would bring me a cave carrot when you have the chance?#$b#There's no pressure... but if you want to, just swing by my house between 9:00 AM and 5:00 PM with a cave carrot. You'll make an old girl very happy. Bye.\"/pause 300/end dialogue Marnie \"My goats go wild over cave carrot... I can't imagine why.\"",
	"93/f Jodi 1000/t 600 930/d Tue Wed Thu Fri Sat Sun": "continue/64 15/farmer 64 16 2 Jodi 64 18 0/pause 1500/addQuest 22/skippable/speak Jodi \"*puff* ...hi @! *pant* Whew... that was quite a workout, walking all the way up here.$h\"/pause 200/emote Jodi 28/pause 200/speak Jodi \"Anyway... I came by to ask if you wanted to have dinner with us tonight!#$b#You don't have to... but if you decide to come, could you please bring a largemouth bass with you?#$b#...that's right. One of those big, slimy fish from the lake. I need one for the casserole I'm making.$h#$b#Okay, well... it'll be at our house at around 7:00 PM tonight... don't forget the largemouth bass! Bye.\"/pause 300/end dialogue Jodi \"Fish casserole always hits the spot.\"",
	"102/z spring/z summer/z fall/d Mon Tue Wed Thu Fri Sat/y 1/H": "continue/64 15/farmer 64 16 2 Pierre 64 18 0/broadcastEvent/skippable/pause 1500/speak Pierre \"Hello there, @. So! Your first year in Gleann Dealtreul is almost over, huh?#$b#If you keep buying seeds from me, you'll be twice as productive next year!$h#$b#And I have some exciting news...#$b#I'll be selling new seed varieties in my shop next year! I should have 1 new variety per season.#$b#...Well, that's all I wanted to say. Have a good one.\"/pause 300/move Pierre 0 1 2/pause 1000/faceDirection Pierre 0/speak Pierre \"You know... I wouldn't even bother trying my competitor's seeds.$u#$b# Pierre's seeds are the *highest* quality seeds you'll find anywhere. That's a promise.$h\"/pause 500/end",
	"2118991/e 3910975/t 600 800": "continue/64 15/farmer 64 16 2 Shane 64 18 0/pause 1500/skippable/speak Shane \"Hey...\"/pause 500/faceDirection Shane 1/pause 500/faceDirection Shane 0/speak Shane \"Oh man... Uh... How do I say this?$s#$b#I'm really sorry about what happened at the cliffs. That was... embarrassing...\"/pause 500/speak Shane \"$q -1 null#  #$r -1 10 event_apologize1#I'm glad I was there to help.#$r -1 -10 event_apologize2#You needed a serious wake-up call.#$r -1 10 event_apologize3#I'm just happy you're still here.\"/pause 1000/faceDirection Shane 1/pause 1000/speak Shane \"I've decided I want to see a therapist. Harvey got me in touch with a colleague of his...$s\"/pause 500/faceDirection Shane 0/speak Shane \"Anyway... I just wanted to thank you for taking care of me. And I want you to know that I'm going to take things a little more seriously from now on.#$b#I don't want to be a burden on anyone...\"/pause 1000/faceDirection Shane 1 true/pause 50/faceDirection Shane 2/pause 500/showFrame Shane 19/pause 2000/end",
	"2128292/e 3900074/t 600 630/f Shane 2500/D Shane": "continue/64 15/farmer 64 16 2 Shane 64 18 0/pause 1500/skippable/speak Shane \"Hey, @!$6\"/pause 1000/speak Shane \"Uh... So I got two tickets to the Tunnelers game tonight.$6\"/pause 2000/speak Shane \"If you want to come, meet me at the bus stop around 5pm.$6\"/pause 1000/end",
	"3917587/f Alex 3500/O Alex/t 500 820/M 5000/d Sun/y 2": "continue/-10000 -1000/farmer -100 -100 2 Alex -100 -100 2/warp Alex -100 -100/warp farmer -100 -100/faceDirection Alex 2/viewport 64 15 clamp true/pause 2000/playSound doorClose/warp farmer 64 15/pause 500/move farmer 0 2 2/playSound doorClose/warp Alex 64 15/pause 300/faceDirection farmer 1 true/pause 100/faceDirection farmer 0/speak Alex \"Hey, @. Before you head out...#$b#I hate to ask this... but can I have 5,000g?#$b#It's for a secret project I'm working on... I know we have a joint bank account, but I thought I should ask anyway.\"/pause 1000/question fork0 \"Give Alex 5,000g for his secret project?#Yes#No\"/fork giveAlexMoney/playMusic none/pause 1000/emote Alex 12/speak Alex \"Really? You won't spare a measly 5,000g to make me happy?$a#$b#I didn't know you were such a cheapskate...$s\"/pause 500/faceDirection Alex 1 true/pause 100/faceDirection Alex 0/pause 500/emote Alex 28/pause 400/speak Alex \"I just wanted to have a little fun...$s\"/pause 800/playSound doorClose/warp Alex -100 -100/pause 2000/end dialogue Alex \"I don't want to talk to you right now...$s\"",
	"giveAlexMoney": "pause 200/addMailReceived gaveAlexMoney/money -5000/emote Alex 20/pause 500/speak Alex \"Great! Swing by the Saloon on Sunday and I'll show you the end result!$h\"/pause 500/end",
	"3917600/f Emily 3500/O Emily/t 500 820": "continue/-10000 -1000/farmer -100 -100 2 Emily -100 -100 2/warp Emily -100 -100/warp farmer -100 -100/faceDirection Emily 2/viewport 64 15 clamp true/pause 2000/playSound doorClose/warp farmer 64 15/pause 500/move farmer 0 2 2/playSound doorClose/warp Emily 64 15/pause 300/faceDirection farmer 1 true/pause 100/faceDirection farmer 0/speak Emily \"Hey, honey... before you get to work today, do you have a moment?#$b#I've been working on something special for you... but I need a little help finishing it.\"/move farmer 0 -1 0/speak Emily \"It's a secret, so I can't tell you what it is... but could you bring me 200 pieces of fiber?\"/addQuest 126/pause 500/speak Emily \"That's all I need! Just bring the 200 fiber by when you have a chance... no rush!\"/pause 2000/end dialogue Emily \"No peeking! You'll see the end result soon.\"",
	"3911124/f Leah 3500/O Leah/t 500 820/w sunny/z winter/d Sun": "continue/-10000 -1000/farmer -100 -100 2 Leah -100 -100 2/warp Leah -100 -100/addConversationTopic leahPaint 0/warp farmer -100 -100/faceDirection Leah 2/viewport 64 15 clamp true/pause 2000/playSound doorClose/warp farmer 64 15/pause 500/move farmer 0 2 2/playSound doorClose/warp Leah 64 15/pause 300/faceDirection farmer 1 true/pause 100/faceDirection farmer 0/speak Leah \"Hey, @. I have an idea...#$b#I want you to meet me in Cindersap Forest tomorrow, at noon.#$b#I'm gonna teach you how to paint!$h\"/pause 1000/speak Leah \"If the weather's bad, we'll do it the next day. Okay?\"/emote farmer 32/end dialogue Leah \"It'll be nice to explore your creative side a bit more, don't you think?\"",
	"3912125/f Elliott 3500/O Elliott/t 500 1500/p Elliott/U 8": "continue/-10000 -1000/farmer -100 -100 2 Elliott -100 -100 2/addConversationTopic ElliottGone1 0/addConversationTopic elliottGone 6/addWorldState elliottGone/skippable/warp Elliott 63 15/warp farmer -100 -100/faceDirection Elliott 2/showFrame Elliott 38/viewport 64 15 clamp true/pause 1000/pause 2000/playSound doorClose/warp farmer 64 15/positionOffset farmer 0 16/pause 500/faceDirection farmer 3/emote farmer 8/pause 500/showFrame Elliott 39/emote Elliott 16/pause 500/speak Elliott \"@! I've just received the most exciting news!\"/pause 50/jump Elliott/pause 500/speak Elliott \"It's very short notice... but I've been invited to do a reading tour for my book, '%book'!\"/emote farmer 32/showFrame Elliott 0/faceDirection Elliott 1/pause 500/emote Elliott 28/pause 400/speak Elliott \"...I'll be out of town for a week. Will you be okay?$s\"/quickQuestion #Yes, I'll be fine.#I'll be happy as a clam!#Don't go!(break)emote Elliott 20\\speak Elliott \"I'll miss you very much, my dear.#$b#And I'll write to you every day, of course!\"\\emote farmer 20(break)jump Elliott\\pause 500\\speak Elliott \"Hah... good one. Now, don't get too excited...$8#$b#I'll be sure to write to you every day. I'll miss you!\"(break)speak Elliott \"But, my dear... This is a rare opportunity for me. I must go!$s#$b#Please don't make me feel guilty about this. I'll write to you every day, and I'll be back before you know it.\"/pause 1000/animate Elliott true true 100 35/animate farmer true true 100 101/specificTemporarySprite heart 63 15/pause 2000/stopAnimation Elliott/showFrame Elliott 4/stopAnimation farmer/pause 500/speak Elliott \"I leave early tomorrow morning...#$b#I need to pack!$8\"/end dialogue Elliott \"Don't let me forget my hairbrush, my hairspray, my fine-tooth comb, and my pomegranate conditioner!\"",
	"3912131/e 3912130/A ElliottGone6/n elliottLetter5/x elliottLetter6 true": "null",
	"3912130/e 3912129/A ElliottGone5/n elliottLetter4/x elliottLetter5 true": "null",
	"3912129/e 3912128/A ElliottGone4/n elliottLetter3/x elliottLetter4 true": "null",
	"3912128/e 3912127/A ElliottGone3/n elliottLetter2/x elliottLetter3 true": "null",
	"3912127/e 3912126/A ElliottGone2/n elliottLetter1/x elliottLetter2 true": "null",
	"3912126/e 3912125/A ElliottGone1/x elliottLetter1 true": "null",
	"992559/t 600 1130/n clothFound/o Emily/w sunny": "continue/64 15/farmer 64 16 2 Emily 64 18 0/skippable/pause 1500/speak Emily \"Hi @! Good morning!\"/pause 500/faceDirection Emily 3/pause 800/faceDirection Emily 0/speak Emily \"You seem to be doing well... the farm looks great!$h\"/pause 500/emote farmer 32/pause 500/speak Emily \"So... you've been here a while, and I'm sure you've acquired some 'cloth' by now... right?\"/pause 500/speak Emily \"Well, did you know that you can use cloth to tailor all kinds of clothes? All you need is access to a sewing machine...#$b#And I happen to have one at home! Feel free to swing by and use it any time.$h\"/pause 800/playSound reward/message \"You can now access Emily's sewing machine!\"/pause 800/speak Emily \"To start tailoring, you'll need a piece of cloth and a secondary item. Experiment and see what unique styles are out there!\"/pause 500/emote Emily 32/pause 500/end",
	"992559/t 600 1130/n clothFound/O Emily/w sunny": "continue/64 15/farmer 64 16 2 Emily 64 18 0/skippable/pause 1500/speak Emily \"Good morning, @.$h\"/pause 500/speak Emily \"I just remembered... I have a sewing machine at my old place!\"/pause 500/speak Emily \"If you ever feel like making clothes, you should swing by and check it out.$h\"/pause 800/playSound reward/message \"You can now access Emily's sewing machine!\"/pause 800/speak Emily \"To start tailoring, you'll need a piece of cloth and a secondary item. Experiment and see what unique styles are out there!#$b#I'm going to have a lot of fun seeing you in all kinds of different outfits!$h\"/pause 500/emote Emily 20/pause 500/end",
	"980558/t 600 1130/w sunny/f Gus 1250": "playful/64 15/farmer 64 16 2 Gus 64 18 0/skippable/pause 1500/speak Gus \"Good morning!\"/pause 500/faceDirection Gus 3/pause 600/speak Gus \"Ah... what a beautiful day, huh?\"/pause 400/faceDirection Gus 0/speak Gus \"You know, as the Saloon owner, I hear about everything that's going on in town.#$b#I remember when you first moved here... everyone was a bit unsure of what to expect.#$b#A stranger from the city... an unknown personality...$s\"/textAboveHead Gus \"One sec...\"/faceDirection Gus 2/animate Gus false true 250 24 25/pause 500/playSound slimeHit/pause 500/playSound slimeHit/pause 500/playSound slimeHit/pause 500/playSound slimeHit/pause 500/stopAnimation Gus/pause 500/faceDirection Gus 0/pause 500/speak Gus \"Sorry, I have to stir this pot every 5 minutes.\"/emote farmer 40/speak Gus \"Anyway, what was I saying? Oh yeah... you know, it's like when you're making a sauce...\"/playMusic none/speak Gus \"...If you put in a new spice you could ruin everything!$s\"/pause 500/playSound fireball/animate Gus false true 100 26/shake Gus 1000/specificTemporarySprite sauceFire/pause 2000/animate Gus false true 200 24 25/pause 400/playSound slimeHit/pause 400/playSound slimeHit/pause 400/playSound slimeHit/pause 400/playSound slimeHit/pause 400/playSound slimeHit/animate Gus false true 100 24/pause 500/playSound discoverMineral/specificTemporarySprite sauceGood/pause 800/playMusic distantBanjo/speak Gus \"...But then again, there's always a chance you'll create something new and delicious! Right? Hahahaha.$h\"/pause 100/stopAnimation Gus/faceDirection Gus 0/emote farmer 8/faceDirection Gus 3/faceDirection Gus 0/pause 500/speak Gus \"Er... What I'm trying to say is...$s#$b#It's been great having you in town, and I've come to think of you as one of my good friends!\"/emote farmer 32/speak Gus \"Anyway, I came to give you something...#$b#I was cleaning out the back room and I found this old Mini-Jukebox. I want you to have it!\"/pause 800/itemAboveHead jukebox/playSound getNewSpecialItem/pause 3300/awardFestivalPrize jukebox/pause 200/message \"Received a 'Mini-Jukebox'\"/pause 800/speak Gus \"It's actually an old Do-It-Yourself project of mine, from many years ago. They're pretty easy to make!#$b#So, just in case you wanted to make more, I brought the blueprints for you...\"/pause 200/playSound getNewSpecialItem/addCraftingRecipe Mini-Jukebox/pause 500/message \"Learned how to craft a 'Mini-Jukebox'\"/pause 800/speak Gus \"Well, I'm gonna head home. I gotta get this marinara back on the stove! Have a good one!\"/pause 500/end",
	"3872126/C/x willyBackRoomInvitation": "null"
}