{
	"11/f Haley 500/p Haley/p Emily": "50s/6 20/farmer -10 -10 0 Haley 5 20 1 Emily 8 20 3/skippable/pause 1000/shake Haley 500/pause 500/speak Haley \"Urgghh! I always clean under the cushions! It's YOUR turn this week!$a\"/emote Emily 12/speak Emily \"You're being childish, Haley. I do the vast majority of work in this house, and you know it.$u\"/pause 200/warp farmer 2 24/playSound doorClose/pause 400/faceDirection Haley 2/faceDirection Emily 2/speak Haley \"Oh, it's that new farm boy.$7^Oh, it's that new girl from the farm.$7\"/faceDirection Emily 3/speak Emily \"He has a name, you know.$u^She has a name, you know.$u\"/move farmer 0 -1 1/move farmer 3 0 0/faceDirection Emily 2/speak Haley \"Hey, I bet you'll understand my point of view here.\"/emote farmer 8/speak Emily \"*sigh*... I'm really sorry to involve you in this, @. Haley is complaining because I asked her to clean under the cushions.$u\"/faceDirection Haley 1/speak Haley \"$q 45 null#It's only because I cleaned them last week!$a#$r 46 -50 Event_clean2#Stop whining and just clean it!#$r 45 30 Event_clean1#Haley, why not have this be your one weekly job?#$r 46 -30 Event_clean3#Emily, take the high road and do it this time.\"/fork haleyWontDoIt/stopMusic/faceDirection Haley 3/emote Haley 12/pause 400/faceDirection Haley 1/speak Haley \"Alright, you win. I guess this can be my job every week. Then there won't be any reason to argue over it.$u\"/faceDirection Haley 2/speak Emily \"Thanks, @. That was a great solution.$h\"/pause 1000/end",
	"haleyWontDoIt": "move Haley -2 0 0/move Haley 0 -2 0/emote Haley 12/faceDirection Emily 1/emote Emily 28/speak Emily \"*sigh*... I guess I'll just do it, then...$s\"/pause 1000/end",
	"12/f Haley 1000/p Haley": "ragtime/-1000 -1000/farmer 16 20 1 Haley 18 16 0/skippable/showFrame Haley 20/shake Haley 500/viewport 15 16 true/pause 500/shake Haley 500/pause 500/speak Haley \"Nnnnnghhh... I just can't get this jar open!$a#$b#...$s\"/pause 400/shake Haley 500/move farmer 0 -4 1/shake Haley 500/move farmer 1 0 1/pause 500/faceDirection Haley 3 true/showFrame Haley 21/emote Haley 16/speak Haley \"Oh! It's you...@, right?\"/pause 1000/speak Haley \"$q 47 null#Say... you're pretty strong, aren't you?#$r 47 30 Event_jar1#Yes#$r 47 -30 Event_jar2#No\"/faceDirection Haley 3/animate farmer false true 100 111/pause 400/playSound fishingRodBend/startJittering/pause 500/stopJittering/pause 200/playSound fishingRodBend/startJittering/pause 500/stopJittering/pause 200/playSound fishingRodBend/startJittering/pause 2000/stopJittering/playSound coin/stopAnimation farmer/animate farmer false true 100 112/jump farmer/pause 1500/pause 200/stopAnimation farmer/faceDirection farmer 1/showFrame Haley 21/speak Haley \"Hey, you did it! You're stronger than you look!$h\"/pause 400/emote farmer 12/pause 500/emote Haley 20/pause 500/speak Haley \"Thanks!$h\"/pause 500/end",
	"15/f Haley 2500/p Haley": "Hospital_Ambient/-1000 -1000/farmer 5 9 0 Haley -100 -100 2/skippable/specificTemporarySprite haleyRoomDark/viewport 5 4 true/pause 500/emote farmer 8/move farmer 0 -4 0/move farmer -1 0 0/move farmer 0 -1 0/pause 1000/animate farmer false false 650 15/playSound woodyStep/pause 200/playSound woodyStep/pause 200/playSound woodyStep/pause 200/pause 800/speak Haley \"Come in! Just make sure to close the door quickly behind you!\"/pause 1000/warp farmer -100 -100/playSound doorClose/globalFade/viewport -1000 -1000/changeToTemporaryMap Darkroom/viewport -1000 -1000/warp Haley 1 5/warp farmer 3 7/viewport 4 4 true/pause 800/faceDirection Haley 2/jump Haley/pause 600/speak Haley \"@, you're here!\"/move farmer 0 -1 3/move farmer -1 0 0/move farmer 0 -1 3/faceDirection Haley 1/speak Haley \"Welcome to my brand new dark room!$h\"/faceDirection farmer 2/pause 500/faceDirection farmer 1/pause 500/faceDirection farmer 0/pause 500/faceDirection farmer 3/pause 500/speak Haley \"$q -1 null#So... what do you think?#$r -1 10 Event_darkroom1#It looks great!#$r -1 0 Event_darkroom2#What does it do?#$r -1 -50 Event_darkroom3#I've seen better.\"/faceDirection Haley 0/emote Haley 40/pause 500/speak Haley \"Um... so, anyway... what do you want to do?$s\"/faceDirection Haley 0/question haleyDarkRoom \" #Offer to help decorate the dark room.#Make an excuse and leave.#Try to kiss her.\"/faceDirection Haley 1/fork leave/playMusic musicboxsong/pause 500/pause 1000/emote Haley 16/pause 400/positionOffset farmer 16 0 true/animate farmer true true 100 101/positionOffset farmer -2 0/pause 50/positionOffset farmer -2 0/pause 50/positionOffset farmer -2 0/pause 50/positionOffset farmer -2 0/pause 50/showFrame Haley 28/pause 500/positionOffset Haley 2 0/pause 50/positionOffset farmer -2 0/positionOffset Haley 2 0/pause 50/positionOffset farmer -2 0/positionOffset Haley 2 0/pause 50/positionOffset farmer -2 0/positionOffset Haley 2 0/pause 50/positionOffset farmer -2 0/positionOffset Haley 2 0/pause 50/positionOffset farmer -2 0/positionOffset Haley 2 0/pause 50/positionOffset farmer -2 0/positionOffset Haley 2 0/pause 50/positionOffset farmer -2 0/positionOffset Haley 2 0/pause 50/pause 700/playSound dwop/specificTemporarySprite heart 2 4/pause 3000/speak Haley \"Oh, @... I've been waiting so long for you to do that.$11\"/pause 2000/speak Haley \"One moment...$l\"/pause 400/showFrame Haley 4/stopAnimation farmer/faceDirection farmer 3/pause 600/showFrame Haley 29/pause 300/playSound openBox/ambientLight 255 180 180/pause 500/faceDirection Haley 1/pause 1000/showFrame Haley 28/positionOffset farmer 16 0 true/animate farmer true true 100 101/positionOffset Haley 2 0/pause 50/positionOffset Haley 2 0/pause 50/positionOffset Haley 2 0/pause 50/positionOffset Haley 2 0/pause 50/positionOffset Haley 2 0/pause 50/positionOffset Haley 2 0/pause 50/positionOffset Haley 2 0/pause 50/positionOffset Haley 2 0/pause 50/pause 4000/globalFade/viewport -1000 -1000/pause 1000/end dialogue Haley \"That was nice...$l\"",
	"917409/e 463391/f Emily 1500/p Emily": "none/-1000 -1000/farmer 16 10 0 Emily 14 6 2/specificTemporarySprite EmilyBoomBox/skippable/viewport 14 6 true/move farmer 0 -2 3/move farmer -2 0 0/speak Emily \"Come in, @! I want to show you something.$h\"/pause 500/move farmer 0 -1 0/pause 500/speak Emily \"It's my secret hobby... I've been practicing for months.#$b#Now, sit back, relax, and allow yourself to be carried away to a better place... okay?\"/stopMusic/pause 600/move Emily 0 -1 0/faceDirection Emily 0/pause 500/playMusic EmilyDance/pause 1240/faceDirection Emily 2 true/pause 3220/specificTemporarySprite EmilyBoomBoxStart/animate Emily false true 430 0 27/pause 6500/animate Emily false true 440 31 39/pause 6470/doAction 14 4/pause 400/specificTemporarySprite EmilySongBackLights/animate Emily false true 220 18 19 18 19 18 19 18 19 18 19 18 19 18 19 18 19 20 21 20 21 20 21 20 21 20 21 20 21 20 21 20 21 16 17 16 17 16 17 16 17 16 17 16 17 16 17 16 17 22 23 22 23 22 23 22 23 22 23 22 23 22 23 22 23/glow 0 0 255 true/pause 1000/glow 0 255 255 false/pause 1760/glow 0 0 255 false/pause 1760/glow 255 0 255 false/pause 1760/glow 255 255 0 false/pause 1760/glow 0 255 255 false/pause 1760/glow 0 255 0 false/pause 1760/glow 255 0 0 false/pause 1760/glow 0 0 255 false/pause 1000/jump Emily/glow 255 0 255 false/pause 1760/glow 0 0 255 false/pause 1760/glow 255 0 255 false/pause 1760/glow 255 255 0 false/pause 1760/glow 0 255 255 false/pause 1760/glow 0 255 0 false/pause 1760/glow 255 0 0 false/pause 1760/glow 0 0 255 false/pause 1260/animate Emily false true 440 31 39/pause 1760/glow 255 255 0/pause 1760/glow 255 0 255/pause 1760/glow 0 255 255/pause 1760/glow 255 0 0/pause 1760/glow 0 0 255/pause 1760/glow 0 255 0/pause 1760/glow 255 0 255/pause 1760/glow 255 0 255 false/stopAnimation Emily/specificTemporarySprite EmilyBoomBoxStop/faceDirection Emily 2/emote farmer 16/pause 1000/animate Emily false true 300 50 51/pause 1600/speak Emily \"$q 213 null#So... *gasp*... what did you think?$h#$r 213 25 event_dance1#That was amazing!#$r 213 -50 event_dance2#That was embarrassing...#$r 213 25 event_dance1#(Say nothing and do a slow clap)\"/emote Emily 28/speak Emily \"Phew... that was quite a workout...$u\"/pause 500/stopAnimation Emily/showFrame Emily 0/pause 1000/animate Emily false true 100 48 49/pause 1000/speak Emily \"I haven't been this sweaty since I ordered the pepper platter at Abigail's graduation fiesta!$h\"/pause 1000/stopAnimation Emily/speak Emily \"...Well, I'd better take a shower. Thanks for watching.\"/pause 500/faceDirection Emily 2/end dialogue Emily \"Don't tell anyone about the dance. That was for your eyes only.\"",
	"471942/f Emily 500/p Emily": "none/-1000 -1000/farmer -100 -100 0 Emily 20 4 3/skippable/showFrame Emily 33/specificTemporarySprite EmilySleeping/viewport 19 4 true/emote Emily 24/pause 3000/emote Emily 24/pause 3000/viewport move 0 -1 5000/pause 1000/globalFade .004/viewport -1000 -1000/playMusic EmilyDream/changeToTemporaryMap EmilyDreamscape false/viewport -1000 -1000/pause 1000/warp Emily 21 11/warp farmer 22 15/animate Emily false true 500 24 25/globalFadeToClear .005 true/viewport move 0 -1 7000/viewport 21 18/pause 8000/textAboveHead Emily \"Mui-wah\"/pause 4000/textAboveHead Emily \"Muuui-wah\"/pause 5000/playSound yoba/move farmer -2 0 0/pause 600/stopAnimation Emily/showFrame Emily 26/jump Emily/shake Emily 1000/pause 1000/showFrame Emily 0/pause 500/move Emily -1 0 2/move Emily 0 1 2/pause 1000/emote Emily 8/pause 500/speak Emily \"Why are you here?$u\"/pause 1000/move Emily 0 2 2/viewport move 0 1 1500/move Emily -1 0 2/move Emily 0 1 1/faceDirection farmer 3/pause 1000/specificTemporarySprite EmilySign/faceDirection Emily 0/pause 2000/faceDirection Emily 2/pause 8000/faceDirection Emily 1/pause 1000/speak Emily \"...$u#$b#That reminded me of something.$u#$b#Even the tiniest, blandest, simplest light holds a wonderful secret.\"/pause 1000/speak Emily \"Nowwwwww I know why you're here. It's a sign. Hahaha!$h\"/pause 1000/emote farmer 8/startJittering/pause 1000/playSound coin/stopJittering/warp farmer -1000 -1000/pause 500/faceDirection Emily 2/pause 50/faceDirection Emily 3/pause 200/faceDirection Emily 0/pause 500/faceDirection Emily 1/pause 1000/faceDirection Emily 2/viewport move -1 -1 5000/pause 2000/globalFade .005/viewport -2000 -2000/pause 3000/changeLocation HaleyHouse/warp Emily 20 4/globalFadeToClear .005 true/viewport 20 3/pause 3000/move Emily -2 0 2/move Emily 0 3 2/pause 2000/speak Emily \"@... There's something special about @...$u#$b#Our destinies will intersect...$u\"/pause 1500/end",
	"195019/f Haley 2500/f Emily 2500/f Penny 2500/f Abigail 2500/f Leah 2500/f Maru 2500/o Abigail/o Penny/o Leah/o Emily/o Maru/o Haley/o Shane/o Harvey/o Sebastian/o Sam/o Elliott/o Alex/e 38/e 2123343/e 10/e 901756/e 54/e 15/i 446/k 195012": "playful/-1000 -1000/farmer 8 19 1 Haley 18 18 1 Emily 19 17 2 Penny 20 17 2 Maru 21 17 2 Leah 22 18 3 Abigail 20 20 0/pause 1000/message \"For some reason, you decide to place your hand in your pocket...\"/pause 500/message \"You touch the rabbit's foot, and feel a sense of relief...\"/move farmer 5 0 1 true/viewport 17 19 true/move false/pause 500/faceDirection Haley 3 true/faceDirection Emily 3 true/faceDirection Penny 3 true/faceDirection Maru 3 true/faceDirection Leah 3 true/faceDirection Abigail 3 true/textAboveHead Haley \"Hi!\"/textAboveHead Abigail \"Hey there!\"/textAboveHead Leah \"Look who it is!\"/pause 2000/move farmer 4 0 1/emote farmer 32/pause 500/speak Abigail \"We were just gossiping about Mayor Lewis and Marnie...$h\"/pause 500/speak Penny \"Personally, I don't think there's anything fishy going on between them...\"/pause 500/speak Haley \"Hah! Were you born yesterday?$h\"/jump Penny/emote Penny 12/fade/viewport -1000 -1000/pause 1500/message \"You spent a short while with the group.\"/pause 1000/message \"It was an uneventful gathering!\"/pause 500/end",
	"195012/f Haley 2500/f Emily 2500/f Penny 2500/f Abigail 2500/f Leah 2500/f Maru 2500/o Abigail/o Penny/o Leah/o Emily/o Maru/o Haley/o Shane/o Harvey/o Sebastian/o Sam/o Elliott/o Alex/e 38/e 2123343/e 10/e 901756/e 54/e 15/k 195019": "playful/-1000 -1000/farmer 8 19 1 Haley 18 18 1 Emily 19 17 2 Penny 20 17 2 Maru 21 17 2 Leah 22 18 3 Abigail 20 20 0 Pierre -1000 -1000 1/move farmer 5 0 1 true/viewport 17 19 true/move false/pause 500/startJittering/faceDirection farmer 2 true/animate farmer false true 100 94/jump farmer/pause 2000/stopAnimation farmer/showFrame farmer 0/stopJittering/playSound thudStep/faceDirection farmer 3 true/showFrame farmer 7 true/startJittering/faceDirection Haley 3 true/faceDirection Emily 3 true/faceDirection Penny 3 true/faceDirection Maru 3 true/faceDirection Leah 3 true/faceDirection Abigail 3 true/textAboveHead Haley \"Not so fast!\"/textAboveHead Abigail \"Hold it!\"/textAboveHead Leah \"Stop!\"/pause 3000/stopJittering/showFrame farmer 6 true/pause 500/faceDirection farmer 1/move farmer 3 0 1/playMusic none/emote farmer 28/pause 500/speak Abigail \"Never thought you'd find all your 'girlfriends' in one room, huh @?$a\"/pause 500/speak Leah \"I... I thought you were different than other men...$s^You tricked all of us into thinking we loved you... You're horrible...$a\"/pause 500/speak Penny \"How could you do this to us, @?$s\"/pause 500/speak Maru \"You think you're real smooth, don't you? Thought you'd sample the whole 'buffet', huh? What a sleeze...$a\"/pause 500/speak Emily \"Th... That night in the tent... you whispered such sweet things to me in the dark...$s#$b#Now I have to face each day knowing it was all a lie.$s\"/pause 500/playMusic ragtime/speak Haley \"Well, us women stick together! And we're not going to put up with this!$a^Well, we're not going to put up with your abuse any longer!$a\"/textAboveHead Leah \"That's right!\"/pause 500/speak Abigail \"Well? What do you have to say for yourself?$a\"/pause 1000/question fork1 \"#I'm sorry... what I did was wrong.#Ladies, calm down! I can explain...\"/fork choseToExplain/pause 500/textAboveHead Maru \"Hmmph...\"/pause 500/speak Abigail \"Nice try, but that's not going to cut it...$u\"/pause 1000/playMusic none/speak Haley \"...so we've come to a decision... isn't that right, girls?$u\"/pause 500/speak Penny \"...yes.$s\"/speak Leah \"Absolutely.$a\"/pause 1000/jump Haley/jump Abigail/jump Emily/jump Leah/jump Maru/jump Penny/pause 1000/speak Maru \"We're all gonna give you the cold shoulder!$a\"/faceDirection farmer 2 true/animate farmer false true 100 94/jump farmer/playSound slimedead/pause 2000/fade/viewport -2000 -2000/dump girls 3/end warpOut",
	"choseToExplain": "pause 100/textAboveHead Haley \"I doubt it...\"/pause 500/resetVariable/question fork2 \"#I thought we were just friends! I didn't know it was so serious!#Pierre pressured me! He wanted to sell more bouquets!#Ladies, this is completely normal! It's just a lifestyle choice...\"/pause 100/fork lifestyleChoice/textAboveHead Haley \"Liar!\"/textAboveHead Maru \"Yeah, right!\"/speak Emily \"Do you really expect us to believe that? You're just digging yourself into a deeper hole...$a\"/pause 1000/faceDirection Haley 2/playMusic none/speak Haley \"...I think we've come to a decision... isn't that right, girls?$u\"/pause 500/speak Penny \"...yes.$s\"/speak Leah \"Absolutely.$a\"/faceDirection Haley 3/pause 1000/jump Haley/jump Abigail/jump Emily/jump Leah/jump Maru/jump Penny/pause 1000/jump Haley/jump Abigail/jump Emily/jump Leah/jump Maru/jump Penny/pause 1000/jump Haley/jump Abigail/jump Emily/jump Leah/jump Maru/jump Penny/pause 1000/speak Maru \"We're all gonna give you the cold shoulder!$a\"/faceDirection farmer 2 true/animate farmer false true 100 94/jump farmer/playSound slimedead/pause 2000/fade/viewport -2000 -2000/dump girls 4/end warpOut",
	"lifestyleChoice": "pause 100/speak Penny \"Hmmph! I don't know what's considered 'normal' in Zuzu City, but I'm definitely not okay with this arrangement!$a\"/speak Maru \"It's not a 'choice' if none of us even know about it!$a\"/pause 100/speak Abigail \"You can't weasel your way out of this one, @.$a\"/pause 1000/faceDirection Haley 2/playMusic none/speak Haley \"...I think we've come to a decision... isn't that right, girls?$u\"/pause 500/speak Penny \"...yes.$s\"/speak Leah \"Absolutely.$a\"/faceDirection Haley 3/pause 1000/jump Haley/jump Abigail/jump Emily/jump Leah/jump Maru/jump Penny/pause 1000/jump Haley/jump Abigail/jump Emily/jump Leah/jump Maru/jump Penny/pause 1000/jump Haley/jump Abigail/jump Emily/jump Leah/jump Maru/jump Penny/pause 1000/speak Maru \"We're all gonna give you the cold shoulder!$a\"/faceDirection farmer 2 true/animate farmer false true 100 94/jump farmer/playSound slimedead/pause 2000/fade/viewport -2000 -2000/dump girls 4/end warpOut",
	"150938/n emilyStones": "SunRoom/-1000 -1000/farmer -100 -100 0 Emily 15 18 2 Haley 12 18 2 Abigail 14 20 2 Caroline 13 20 2 Marnie 16 20 2/skippable/positionOffset Haley 0 32/showFrame Emily 54/showFrame Marnie 35/showFrame Haley 34/hideShadow Haley true/showFrame Abigail 53/showFrame Caroline 24/addObject 14 21 66 1/addObject 16 21 70/addObject 12 19 68 1/addObject 15 19 64 1/addObject 13 21 60 1/viewport 14 19 true/pause 4000/speak Emily \"Great... everyone has their stone.#$b#Now, close your eyes, and take slow, deep breaths. Focus on your lungs.\"/pause 3000/speak Emily \"Visualize the pure energy flowing into your body with every breath.#$b#And when you exhale, feel all the tension and negative energy flowing out, leaving you more and more relaxed with every breath.\"/pause 3000/speak Emily \"Now, open your heart to the vibrational frequency of your stone. Do you feel anything?\"/pause 1000/textAboveHead Abigail \"Nope.\"/pause 2000/textAboveHead Marnie \"I do!\"/pause 2000/textAboveHead Caroline \"Relaxed\"/pause 4000/emote Haley 24/pause 1000/emote Haley 24 true/viewport move 1 -1 7000/pause 4000/fade/viewport -1000 -1000/message \"Looks like the gemstones were put to good use...\"/end"
}