{
	"2/f Abigail 1000/w rainy/t 1200 1900/z winter": "AbigailFlute/-1000 -1000/farmer 34 32 1 Abigail 47 31 2/skippable/ambientLight 160 140 10/specificTemporarySprite abbyAtLake/animate Abigail false true 612 16 17 18 19/viewport 46 31 clamp true/pause 17900/move farmer 13 0 0/stopMusic/playMusic rain/pause 500/stopAnimation Abigail/faceDirection Abigail 2/emote Abigail 16/speak Abigail \"$q 32 null#@! Why are you out here in the rain?$7#$r 32 0 Event_Rain_1#Just doing some work#$r 32 50 Event_Rain_2#Enjoying the weather#$r 32 10 Event_Rain_3#I could ask you the same question\"/faceDirection Abigail 1/pause 1250/speak Abigail \"...I came here to spend some time alone.$8\"/pause 1000/faceDirection farmer 1/pause 1600/faceDirection Abigail 2/speak Abigail \"But I don't mind your company!\"/pause 500/emote Abigail 40/speak Abigail \"You're getting soaked... come stand under the tree.\"/move farmer -1 0 0/move farmer 0 -1 2/faceDirection Abigail 1/pause 3000/speak Abigail \"It's impossible to describe this feeling... watching the curtains of rain whisper above a silent lake.$8\"/pause 650/faceDirection farmer 1/pause 500/faceDirection farmer 2/pause 600/playSound dwop/showFrame 98/pause 500/faceDirection Abigail 3/emote Abigail 16/pause 800/speak Abigail \"Hey! A mini-harp!$h#$b#You're full of surprises, @. I'm impressed.\"/faceDirection farmer 1/pause 900/emote farmer 56/faceDirection Abigail 3/pause 700/faceDirection Abigail 2/faceDirection farmer 2/pause 500/showFrame Abigail 16/pause 500/showFrame 98/pause 2000/playMusic AbigailFluteDuet/pause 1250/animate Abigail false true 612 16 17 18 19/animate farmer false true 308 99 98 98 99 100 100/pause 10000/viewport move 1 0 18000/pause 20000/globalFade/viewport -1000 -1000/pause 2000/end",
	"8/f Maru 1500/w sunny/t 2100 2340": "nightTime/-1000 -1000/farmer 23 29 3 Maru 14 29 3/skippable/bgColor 0 0 0/changeToTemporaryMap NightSceneMaruMap false/ambientLight 0 0 0/viewport 14 23 true/pause 2000/playSound leafrustle/pause 200/faceDirection Maru 1/pause 400/emote Maru 8/pause 800/move farmer -5 0 3/speak Maru \"@! I'm surprised to see you here so late.\"/faceDirection Maru 3/pause 1000/speak Maru \"The night sky looks amazing right now.\"/faceDirection Maru 1/speak Maru \"Come over here, I want to show you something.\"/move farmer -3 0 3/speak Maru \"Here, take a peek.\"/move Maru 0 1 0/move farmer -1 0 3/pause 200/animate farmer true true 100 35/pause 1200/playMusic spaceMusic/speak Maru \"$q 40 null#What do you see?#$r 40 30 Event_Space1#A beautiful planet.#$r 40 -30 Event_Space2#A cold, dark abyss.\"/stopAnimation farmer/faceDirection farmer 2/pause 1000/speak Maru \"By the time any of these stars are visited, you and I will be long gone...$8\"/emote farmer 28/pause 400/speak Maru \"I guess that's the trouble with being human, huh?\"/faceDirection Maru 0/pause 1200/faceDirection Maru 2/emote Maru 40/pause 500/faceDirection Maru 0/speak Maru \"@, um...$8\"/pause 500/faceDirection Maru 2/pause 1500/speak Maru \"Nevermind...$s\"/pause 500/faceDirection Maru 0/pause 800/speak Maru \"Here, let me show you a binary star system...\"/pause 500/faceDirection farmer 3 true/animate farmer true true 100 35/pause 800/specificTemporarySprite maruTelescope/viewport move 0 -1 16000/pause 16000/globalFade .003/viewport -1000 -1000/pause 500/message \"What a beautiful night! Maru showed me something new...\"/pause 1000 /stopAnimation farmer/changeLocation Mountain/end",
	"26/f Linus 1000/w sunny/t 2000 2400": "nightTime/-1000 -1000/farmer 18 8 1 Linus 29 8 2/skippable/specificTemporarySprite linusCampfire/viewport 29 7 clamp true/move farmer 8 0 1/faceDirection Linus 3/emote Linus 32/speak Linus \"@! Come stand next to the firepit. It feels great.\"/pause 400/move farmer 2 0 2/move farmer 0 1 1/move Linus 1 0 2/move Linus 0 1 3/pause 1500/speak Linus \"I was hoping you'd come by sometime.\"/pause 500/emote Linus 28/pause 500/faceDirection Linus 2/pause 500/showFrame Linus 19/pause 500/speak Linus \"I wanted to say sorry for mistrusting you at first.$s#$b#Most people don't treat me well, so I've learned to be cautious.$s\"/pause 500/showFrame Linus 0/faceDirection Linus 3/speak Linus \"But you've been uncommonly nice to me. You're a unique person.$h#$b#...And I consider you a good friend.\"/pause 500/faceDirection Linus 3/emote farmer 32/pause 1000/faceDirection Linus 3/move Linus 0 -1 3/move Linus -1 0 0/speak Linus \"Hey, I want to show you something. Come inside.$h\"/move farmer 0 -1 1/move Linus 0 -1 0/playSound grassyStep/warp Linus -10 -10/move farmer 1 0 0/move farmer 0 -1 0/playSound grassyStep/warp farmer -10 -10/playMusic none/pause 1500/playSound fishSlap/pause 500/playSound fishSlap/pause 500/playSound fishSlap/pause 500/playSound fishSlap/pause 800/playSound dirtyHit/pause 1200/playSound slimeHit/pause 300/playSound slimeHit/pause 300/playSound slimeHit/pause 300/playSound slimeHit/pause 600/playSound slimedead/pause 1000/speak Linus \"Ah... there we go. See this? It's a special kind of fish bait that I make.#$b#It's top quality stuff... I'd eat it myself!#$b#Here, I want you to have the recipe.\"/pause 500/playSound coin/pause 500/faceDirection farmer 2/warp farmer 29 7/playSound grassyStep/move farmer 0 1 2/pause 1000/showFrame 84/playSound reward/addCraftingRecipe Wild Bait/message \"Learned how to craft 'Wild Bait'\"/pause 900/end",
	"BadAnswer": "speak Maru \"$q 18982 null#You must have a good reason for saying that...$a#$r 18982 50 event_robot_explain1#MarILDA's just a piece of machinery designed to act human.#$r 18982 50 event_robot_explain2#I was just kidding. MarILDA deserves her freedom.#$r 18982 -50 event_robot_explain3#I would've put her to work on the farm.\"/faceDirection Maru 1/emote Maru 12/pause 300/faceDirection Maru 3/speak Maru \"Well, I should go. Thanks for sticking with me today, @.$8\"/globalFade/viewport -3000 -3000/changeLocation ScienceHouse/end",
	"384883/f Sebastian 1000/t 1100 1700": "spring_day_ambient/-1000 -1000/farmer 12 27 1 Sebastian 18 26 2/skippable/specificTemporarySprite sebastianGarage/showFrame Sebastian 33/animate Sebastian false true 100 32 32 32 36 32 32 36 36 36 36/positionOffset Sebastian 24 16/viewport 18 25 clamp true/move farmer 5 0 0/playSound clank/move farmer 0 -1 1/pause 100/playSound clank/pause 600/playSound clank/pause 300/playSound clank/pause 800/stopAnimation Sebastian/showFrame Sebastian 35/animate Sebastian false false 100 32 33 34 35/playSound dwoop/pause 500/speak Sebastian \"Oh, hello @.$8\"/pause 800/faceDirection farmer 0/emote farmer 8/pause 400/speak Sebastian \"What, you haven't seen my motorcycle before? Hmmm... I guess I haven't shown it to you.$8\"/pause 900/showFrame Sebastian 32/animate Sebastian false false 100 35 34 33 32/pause 500/faceDirection farmer 1/animate Sebastian false true 200 32 32 32 36 32 32 36 36 36/pause 600/playSound clank/pause 600/playSound clank/pause 300/pause 800/playSound parry/pause 800/playSound clank/playMusic echos/pause 2000/glow 80 70 255 true/pause 1000/speak Sebastian \"Sometimes, after sundown, I make the long ride out of Gleann Dealtreul...$8\"/pause 800/speak Sebastian \"There's nothing else like it, blazing along the empty stretch of road toward the faint city glow...$9\"/pause 200/playSound clank/pause 500/playSound clank/pause 200/speak Sebastian \"Once I've saved up enough money, I'm going to head out on my own... to the city and beyond. Just me and my bike.$9\"/pause 900/playSound clank/pause 900/stopAnimation Sebastian/playSound Milking/pause 1500/stopGlowing/playMusic spring_day_ambient/speak Sebastian \"There we go, oil's changed.$8\"/pause 1200/showFrame Sebastian 35/animate Sebastian false false 100 32 33 34 35/playSound dwoop/pause 1900/speak Sebastian \"$q -1 null#Hey... Maybe I'll let you ride sometime, if you want.$8^Hey... maybe I'll take you for a ride some day.$8#$r -1 10 event_garage1#That sounds fun.#$r -1 -10 event_garage2#No thanks. That sounds stupid.#$r -1 0 event_garage3#I'm scared of motorcycles.\"/pause 900/viewport move 1 -1 8000/pause 4000/globalFade/viewport -1000 -1000/end",
	"384882/f Sebastian 2500/t 2000 2400": "nightTime/-1000 -1000/farmer 18 35 0 Sebastian -100 -100 0/skippable/specificTemporarySprite sebastianOnBike/viewport 17 28 clamp true/pause 1000/move farmer 0 -5 0/speak Sebastian \"Hey @. I was just about to head out.#$b#Hop on...I wanna show you something.\"/pause 1000/move farmer 0 -1 0/move farmer 1 0 0 true/globalFade/viewport -1000 -1000/warp farmer -100 -100/changeToTemporaryMap SebastianRide/ambientLight 0 0 0/specificTemporarySprite sebastianRide/viewport 15 8 true/pause 8000/globalFade/viewport -1000 -1000/changeToTemporaryMap SebastianMountain/ambientLight 0 0 0/warp farmer 15 18/warp Sebastian 16 18/positionOffset farmer 0 16/playMusic spaceMusic/viewport 15 14 clamp true/pause 10000/faceDirection Sebastian 3/speak Sebastian \"That's Zuzu City in the distance...\"/pause 600/faceDirection Sebastian 0/speak Sebastian \"I come here when I want to get away from everything and just... think.\"/pause 1000/faceDirection Sebastian 1/pause 600/animate Sebastian false true 110 16 17 18 19 20 21 21 21 21 21 21 21 21 22 23 16 16 16 16 16 16 16 16 16 16 16 16 16 16 16 16 16 16/pause 1000/faceDirection farmer 1/pause 1800/faceDirection farmer 0/pause 800/speak Sebastian \"$q -1 null#So, what do you think?#$r -1 0 event_city1#It's beautiful.#$r -1 10 event_city2#It gives me a strange, sad feeling.#$r -1 -10 event_city3#Kind of ugly.#$r -1 0 event_city4#You should quit smoking.\"/stopAnimation Sebastian/pause 600/faceDirection Sebastian 0/pause 3000/speak Sebastian \"The city used to draw me in... but now I'm finding myself happier at home in the valley.\"/pause 500/pause 900/speak Sebastian \"@...?$s#$b#Um... I've never... felt anything like this with another guy before... But you're different.$l^I don't usually bring girls to this place... In fact, you're the only one.$l#$b#You know what I'm trying to say, don't you?$l\"/pause 700/faceDirection farmer 1/emote Sebastian 40/pause 800/faceDirection Sebastian 3/pause 2000/showFrame Sebastian 40/pause 600/positionOffset Sebastian -2 0/pause 100/positionOffset Sebastian -2 0/pause 100/positionOffset Sebastian -2 0/pause 100/positionOffset Sebastian -2 0/pause 100/positionOffset Sebastian -2 0/pause 100/positionOffset Sebastian -2 0/pause 100/positionOffset Sebastian -2 0/pause 100/positionOffset Sebastian -2 0/pause 100/positionOffset Sebastian -2 0/pause 100/positionOffset Sebastian -2 0/pause 100/positionOffset Sebastian -2 0/pause 100/positionOffset Sebastian -2 0/pause 100/showFrame 101/pause 4000/viewport move 1 -1 6000/pause 6000/globalFade/viewport -1000 -1000/changeLocation Mountain/pause 4000/end position 18 26",
	"404798/Hn ccFishTank": "spring_day_ambient/-1000 -1000/farmer 42 11 0 Willy 47 7 0/skippable/specificTemporarySprite dickBag/viewport 47 5 clamp true/emote Willy 8/move farmer 0 -4 1/move farmer 4 0 1/faceDirection Willy 3/pause 500/speak Willy \"Hi, @.\"/pause 500/faceDirection Willy 0/speak Willy \"It's odd... I'm not sure what caused this boulder to disappear.\"/pause 500/faceDirection farmer 0/pause 500/speak Willy \"This stream is flowing from deep within the mountain.\"/pause 1000/specificTemporarySprite dickGlitter/playSound slosh/pause 500/faceDirection Willy 2/faceDirection farmer 2/pause 500/jump Willy/pause 800/emote Willy 16/speak Willy \"Hey! Do you see that glistening in the water?\"/pause 800/showFrame Willy 24/pause 250/showFrame Willy 25/pause 1000/speak Willy \"Yes... that's quality ore!$h\"/showFrame Willy 24/pause 200/showFrame Willy 0/pause 500/faceDirection Willy 3/speak Willy \"The flow of water must be carrying it out of the mountain.\"/pause 500/faceDirection farmer 1/pause 500/speak Willy \"You know what this means, right?\"/pause 900/jump Willy/pause 800/speak Willy \"It means we can start panning for ore!$h\"/faceDirection Willy 2/faceDirection Willy 3/speak Willy \"Here, I've got an extra pan in my backpack... why don't you take it?\"/pause 800/faceDirection Willy 1/pause 800/showFrame Willy 26/pause 500/playSound coin/pause 500/showFrame Willy 4/pause 500/showFrame Willy 12/faceDirection Willy 3/awardFestivalPrize Pan/null/pause 800/faceDirection Willy 2/speak Willy \"If you ever see ore glistening in the water, use that pan and see what you find.\"/faceDirection farmer 2/itemAboveHead pan/null/pause 1000/end",
	"371652/f Linus 2000/w sunny/t 600 1700/a 12 26": "sweet/18 32/farmer -1000 -1000 2 Robin -1000 -1000 2 Linus 23 33 1/skippable/animate Linus false true 250 20 21/pause 3000/doAction 24 33/pause 500/doAction 24 33/pause 800/doAction 24 33/pause 1000/stopAnimation Linus/move Linus -2 0 0/move Linus 0 -1 1/animate Linus false true 250 20 21/pause 500/doAction 22 32/pause 900/doAction 22 32/pause 200/doAction 22 32/pause 1200/stopAnimation Linus/move Linus -6 0 0/move Linus 0 -5 0 true/viewport move 0 -1 4000/move false/move Linus -2 0 3/warp Robin 12 26/playSound doorClose/pause 400/showFrame Robin 19/textAboveHead Robin \"Eep!\"/shake Robin 500/pause 500/faceDirection Linus 0/showFrame Robin 0/pause 1 500/warp farmer 11 26/playSound doorClose/faceDirection Linus 3/pause 500/move farmer 0 1 1/pause 1000/speak Robin \"Oh... It's Linus, right?$s\"/emote Robin 40/speak Robin \"Are you hungry? I could make you some lunch... How about some leftover cave carrot stew?\"/pause 500/speak Linus \"That's very nice of you, but no thanks! I've had great luck foraging today.$h\"/pause 1000/speak Robin \"Heh... okay.$5\"/pause 500/faceDirection Robin 3/pause 500/speak Robin \"@? You look like you have something to say...\"/pause 500/question fork0 \"#I'm just pleased that Linus is doing well...#I'd like to invite Linus to live on the farm with me...\"/pause 100/fork linusWell/faceDirection Robin 2 true/textAboveHead Robin \"Wow!\"/showFrame Linus 22/jump Linus/pause 2000/showFrame Linus 0/pause 1000/showFrame Linus 0/faceDirection Robin 2/speak Robin \"That's really generous! What a great idea! I can build a real cozy house for you, Linus.$h\"/move Robin 0 1 1/speak Robin \"You'll finally have running water, heat, a roof over your head... just like the rest of us! Isn't that wonderful, Linus?\"/playMusic spring_day_ambient/pause 1000/showFrame Linus 19/pause 1000/speak Linus \"Er...$s#$b#Um... No, thanks.$s\"/playSound thudStep/showFrame Robin 19/positionOffset Robin 0 -8/pause 40/positionOffset Robin 0 -8/pause 40/positionOffset Robin 0 -8/pause 40/positionOffset Robin 0 -8/pause 40/positionOffset Robin 0 -8/pause 40/positionOffset Robin 0 -8/pause 40/positionOffset Robin 0 -8/pause 40/positionOffset Robin 0 -8/playSound woodWhack/textAboveHead Robin \"Whaa..?\"/pause 1000/emote farmer 8/emote Linus 28/playMusic echos/speak Linus \"I appreciate the kindness... I really do...$s#$b#But... I've told you before... I choose to live this way...\"/pause 500/showFrame Linus 0/move Linus 0 1 2/pause 500/speak Linus \"I like to be alone most of the time... I like the quiet sounds... moving with the rhythym of nature...#$b#It's a way of life that I'm comfortable with. I don't ever want to change that.\"/showFrame Linus 0/pause 500/move Linus 0 -1 3/faceDirection Linus 3/showFrame Robin 0/pause 1000/speak Robin \"I guess I never thought about it that way...$5\"/move Linus 0 1 3/move Linus -2 0 0/faceDirection farmer 2/playMusic spring_day_ambient/speak Linus \"@... I cherish our friendship very much. And I know you do, too.$h#$b#But... You don't need to try and 'help' me... I know best how to live my own life... okay?\"/move Linus -2 0 3/faceDirection farmer 3/faceDirection Robin 3/emote farmer 60/speak Linus \"...can you smell that? It's the sweet aroma of ripe berries...$h\"/jump Linus/speed Linus 4/move Linus -4 0 3/move Linus 0 -10 0 true/fade/viewport -2000 -2000/pause 2000/end",
	"linusWell": "pause 100/friendship Linus 250/move Linus 0 1 3/move Linus -2 0 0/faceDirection farmer 2/faceDirection Robin 2/playMusic spring_day_ambient/speak Linus \"Thanks, @. You had me worried, there... I thought you were going to ask me to move on to the farm with you! *wink*#$b#You know, I consider you my closest friend in the valley... you've never tried to 'fix' me... you respect my way of life, even if you don't understand it.$h#$b#I really appreciate that.\"/move Linus -2 0 3/faceDirection farmer 3/faceDirection Robin 3/emote farmer 32/speak Linus \"Ah... can you smell that? It's the sweet aroma of ripe berries...$h\"/jump Linus/speed Linus 4/move Linus -4 0 3/move Linus 0 -10 0 true/fade/viewport -2000 -2000/pause 500/speak Robin \"Aww.. What a sweetheart...$h\"/pause 1000/end",
	"5183338/e 3917666/O Maru/w sunny/t 2200 2500": "nightTime/-1000 -1000/farmer 23 29 3 Maru 14 29 3/skippable/changeToTemporaryMap NightSceneMaruMap2 false/bgColor 0 0 0/ambientLight 0 0 0/viewport 14 25 true clamp/pause 1000/move farmer -8 0 3/faceDirection Maru 1/pause 800/showFrame Maru 32/pause 700/showFrame Maru 4/speak Maru \"Hey, @. You made it just in time... The comet's about to appear.\"/pause 500/faceDirection Maru 2/pause 1000/faceDirection farmer 2/pause 1000/speak Maru \"Beautiful night, isn't it?\"/pause 2000/faceDirection Maru 1/faceDirection farmer 3/pause 1000/speak Maru \"Remember the first time we did this? It was a while ago...\"/faceDirection Maru 2/speak Maru \"I almost revealed my true feelings on that night... but I was afraid you'd reject me.\"/faceDirection Maru 1/speak Maru \"Who knew we'd be married so soon after!$h\"/pause 500/emote farmer 20/pause 500/jump Maru/pause 400/speak Maru \"Oh! It's time...\"/faceDirection Maru 3/faceDirection farmer 3 true/showFrame Maru 28/emote Maru 40/pause 1000/textAboveHead Maru \"Wow!\"/pause 3000/showFrame Maru 12/move Maru 0 1 0/speak Maru \"Take a look!\"/pause 500/move farmer -1 0 3/pause 1000/animate farmer true true 100 35/pause 1000/fade/viewport -1000 -1000/pause 1000/playMusic spaceMusic/warp Maru 15 29/faceDirection Maru 3/cutscene marucomet/pause 1000/viewport 14 25 true clamp/pause 3000/stopAnimation farmer/pause 1000/faceDirection farmer 1/pause 500/speak Maru \"After seeing a comet, it's customary to make a wish...\"/pause 500/quickQuestion What will you wish for?#A new baby#For us to grow old together#More money(break)jump Maru\\pause 500\\speak Maru \"Oh! We can certainly try...$l\"\\emote Maru 20(break)emote Maru 20\\speak Maru \"That's... really sweet!$l#$b#I have the same wish.$l\"(break)speak Maru \"Money? Oh...$s#$b$Well I guess that would be practical...$8\"\\emote Maru 28\\speak Maru \"My wish is a little more romantic...\"/pause 2000/animate Maru false true 100 28/animate farmer false true 100 101/positionOffset farmer 16 0/specificTemporarySprite heart 15 29/pause 2000/specificTemporarySprite maruTelescope/viewport move 0 -1 13000/pause 16000/fade/viewport -1000 -1000/pause 3000/end newDay",
	"9333219/O Sebastian/f Sebastian 3500/w rainy/t 600 1900": "rain/48 36/farmer 49 31 2 Sebastian 50 36 3/makeInvisible 44 31 5 5/addConversationTopic sebastianFrog 0/skippable/move farmer 0 4 2/faceDirection Sebastian 0/speak Sebastian \"Hey @... Glad you showed up.\"/emote farmer 8/faceDirection Sebastian 3/speak Sebastian \"There's an injured frog in that bush... I gotta save him!\"/emote farmer 28/faceDirection Sebastian 0/speak Sebastian \"I need your help. Go over to the bush and try to get him to come towards me. I'll wait over here and catch him.\"/pause 500/faceDirection Sebastian 3/move farmer -5 0 2/pause 500/showFrame Sebastian 54/playSound grassyStep/pause 500/speak Sebastian \"Okay... you ready?\"/emote farmer 56/textAboveHead Sebastian \"Now!\"/pause 500/doAction 44 36/pause 1000/doAction 44 36/pause 1000/doAction 44 36/playSound croak/specificTemporarySprite sebastianFrog/pause 10000/playSound coin/showFrame Sebastian 55/jump Sebastian/textAboveHead Sebastian \"Got him!\"/move farmer 5 0 2/move farmer 0 1 1/speak Sebastian \"Poor little guy... his foot's all mangled. $s\"/emote farmer 28/quickQuestion #What should we do with him?#It's our new son...#I don't think he's going to make it#Let's nurse him back to health!(break)speak Sebastian \"I'm gonna take him home for now, and make him comfortable.#$b#I guess I'll do some research on how to take care of frogs. Maybe Marnie knows something.\"(break)speak Sebastian \"Hah... Yeah, I guess so.$h#$b#He's definitely got your nose...$7\"\\faceDirection farmer 2 true\\jump farmer\\showFrame farmer 94\\startJittering(break)emote Sebastian 12\\speak Sebastian \"Well, sorry if I don't take your word for it... I'm gonna give the poor guy a chance.\"(break)speak Sebastian \"We'll do our best. But don't get too attached just yet...\"/pause 300/stopJittering/stopAnimation farmer/faceDirection farmer 1/pause 500/speak Sebastian \"Let's take him home.\"/pause 500/playSound croak/pause 2000/end",
	"8357109/w sunny/t 600 1900/n linusTrashCleanup": "spring_day_ambient/-1000 -1000/farmer -100 -100 2 Linus 63 21 2/skippable/hideShadow Linus true/showFrame Linus 24/specificTemporarySprite staticSprite LooseSprites\\\\Cursors2 129 241 14 15 60 20/viewport 63 21 true/pause 5000/speak Linus \"Ahhh... that feels good.$4\"/pause 1000/speak Linus \"The water's never been cleaner.$4\"/pause 2000/speak Linus \"...And the same goes for me! Hehehe.$5\"/pause 3000/end",
	"8959199/w sunny/t 600 1900/e 6497428/f Leo 2250/F": "sad_kid/-1000 -1000/farmer -100 -100 2 Linus 30 9 3 Leo 28 9 1 Penny -100 -100 2 Jas -100 -100 3 Vincent -100 -100 1/skippable/specificTemporarySprite LeoLinusCooking/animate Linus true true 500 20 21/viewport 26 9 clamp true/viewport move 1 0 10000/pause 1000/textAboveHead Leo \"It's ready!\"/pause 4000/textAboveHead Linus \"Not yet...\"/pause 1500/emote Leo 28 true/pause 500/fade/viewport -1000 -1000/changeLocation ArchaeologyHouse/warp Penny 18 9/warp Linus -100 -100/showFrame Penny 18/warp Jas 19 10/showFrame Jas 22/warp Vincent 16 10/showFrame Vincent 24/warp Leo 18 12/showFrame Leo 24/pause 500/viewport 13 10 clamp true/viewport move 1 0 8000/pause 2000/textAboveHead Penny \"Good answer, Leo!\"/pause 1000/emote Leo 20 true/pause 2000/fade/viewport -1000 -1000/warp Penny -100 -100/warp Jas -100 -100/warp Jas -100 -100/changeLocation Beach/warp Leo 42 36/showFrame Leo 0/addTemporaryActor Willy 16 64 43 38 2/animate Willy false true 500 8 9 10 11/viewport 36 36 clamp true/viewport move 1 0 8000/pause 1000/emote Leo 40/pause 2000/shake Willy 3000/showFrame Leo 16/jump Leo/playSound waterSlosh/animate Willy false true 200 17 18/pause 500/specificTemporarySprite LeoWillyFishing/playSound dropItemInWater/textAboveHead Willy \"Got one, lad!\"/pause 500/playSound waterSlosh/pause 500/playSound waterSlosh/pause 500/fade/viewport -1000 -1000/changeLocation Town/warp Vincent -100 -100/warp Willy -100 -100/warp Jas 18 16/animate Jas false true 80 16 17 18 19/warp Leo 25 15/faceDirection Leo 3/viewport 18 16 clamp true/viewport move 1 0 9000/pause 3000/doAction 24 16/pause 500/doAction 24 16/stopAnimation Jas/faceDirection Jas 1/emote Jas 8/doAction 24 16/showFrame Leo 16/shake Leo 3000/jump Leo/positionOffset Leo 4 0/pause 100/positionOffset Leo 4 0/pause 100/positionOffset Leo 4 0/pause 100/speed Leo 4/emote Jas 16 true/advancedMove Leo false 3 0 0 4 7 0/pause 2000/fade/viewport -1000 -1000/pause 600/changeLocation LeoTreeHouse/pause 500/warp Vincent -100 -100/warp Jas -100 -100/viewport 3 3 true/pause 4000/stopAnimation Leo/faceDirection Leo 0/warp Leo 3 8/playSound doorClose/move Leo 0 -3 0/move Leo -1 0 3/doAction 1 5/pause 500/speak Leo \"Haha! ...That was a great day!$h\"/pause 1000/faceDirection Leo 2/pause 1000/showFrame Leo 18/pause 1000/speak Leo \"You know... I still miss my family back on the island...$s\"/pause 400/showFrame Leo 0/speak Leo \"But mostly, I feel happy about the memories, not sad.\"/pause 400/faceDirection Leo 3/speak Leo \"...and I really feel like I belong here!$h\"/pause 500/doAction 1 5/pause 500/doAction 1 5/pause 1000/move Leo 0 -3 0/pause 2000/speak Leo \"It's a beautiful world, friends...\"/pause 600/faceDirection Leo 1 true/pause 140/faceDirection Leo 2/pause 800/speak Leo \"...and I'm glad to be part of it!$h\"/pause 1000/doAction 1 5/pause 1000/fade/viewport -2000 -2000/pause 1500/end"
}