{
	"2794460/f Sebastian 500/p Sebastian": "Hospital_Ambient/-1000 -1000/farmer 1 1 2 Sebastian 9 4 3 Robin -100 -100 2/skippable/doAction 1 3/removeTile 1 3 Buildings/removeTile 1 2 Front/playSound keyboardTyping/showFrame Sebastian 24/animate Sebastian false true 100 26 27 26 27 26 27 26/viewport 6 6 true/move farmer 0 4 1/move farmer 5 0 1/pause 1000/speak Sebastian \"Oh, hey. Gimme one sec.\"/pause 500/playSound keyboardTyping/pause 1000/question fork1 \"#He's busy... I should leave.#Stay put.\"/fork didntLeave/move farmer -2 0 3/speak Sebastian \"Where are you going?$u\"/pause 300/faceDirection farmer 1/stopAnimation Sebastian/speak Sebastian \"Sorry... I had to finish this line before I lost my train of thought.\"/pause 500/move farmer 2 0 1/switchEvent sebastianRoom",
	"didntLeave": "pause 5500/stopAnimation Sebastian/speak Sebastian \"Okay. Sorry about that, I just needed to finish what I was working on.\"/switchEvent sebastianRoom",
	"sebastianRoom": "resetVariable/move farmer 0 2 1/playSound mouseClick/move farmer 3 0 0/playSound mouseClick/move farmer 0 -1 0/playSound mouseClick/move farmer 0 -1 0/pause 500/faceDirection farmer 0/question fork1 \"#Ask him what he's working on.#Compliment the decor in his room.\"/fork decor/pause 500/stopAnimation Sebastian/speak Sebastian \"I do freelance work as a programmer.\"/switchEvent enterRobin",
	"decor": "pause 500/stopAnimation Sebastian/speak Sebastian \"Decorations?... Oh, yeah... thanks. I've been sticking posters on the wall for years, I guess it's kinda cluttered.\"/switchEvent enterRobin",
	"enterRobin": "pause 500/playSound mouseClick/pause 100/playSound mouseClick/pause 500/playSound Pickup_Coin15/pause 300/emote Sebastian 40/speak Sebastian \"That was  an instant message from Sam... I guess he wants to hang out...#$b#Ugh, I don't really feel like going out today.$u\"/pause 500/playSound doorClose/warp Robin 1 1/move Robin 0 4 1/speak Robin \"Oh, hi @.\"/faceDirection farmer 3/move Robin 4 0 1/speak Robin \"Sebby, I know you don't like it when I come in here... but I ran into Abigail at the store and she said she was looking for you.\"/pause 200/emote Sebastian 28/speak Sebastian \"Did you tell her I'm working?\"/speak Robin \"I did... but she said she'd probably stop by anyway.\"/emote Sebastian 12/speak Sebastian \"*sigh*... No one takes my job seriously.$u#$b#No one ever bothers Maru when she's working at the clinic... does everyone think I'm just surfing the web all day?\"/faceDirection farmer 0 true/move Robin -4 0 0/move Robin 0 -4 0/warp Robin -100 -100/playSound doorClose/pause 500/faceDirection farmer 0/resetVariable/question fork1 \"#Ask him about his career goals.#Ask him why he doesn't want to see his friends.\"/fork noFriends/pause 500/speak Sebastian \"Well, I'm trying to save up so I can move out of here. Probably to the city or something.\"/emote Sebastian 40/speak Sebastian \"You know, If I'd gone to college I'd probably be making six figures right now... but I just don't want to be part of that corporate rat race, you know?#$b#Well, and I guess I just feel more comfortable hidden behind the computer than dealing with people face-to-face.$s\"/emote Sebastian 28/pause 600/playSound mouseClick/pause 100/playSound mouseClick/pause 300/speak Sebastian \"Well, I should get back to work... I need to get this module finished by tomorrow.\"/animate Sebastian false true 100 24 24 24 24 24 24 24 24 24 24 25 26 27 26 27 26 27 26 25 24 24/playSound keyboardTyping/pause 500/move farmer 0 2 3/move farmer -3 0 0/move farmer 0 -2 3/move farmer -5 0 0 true/globalFade/viewport -1000 -1000/pause 1000/end",
	"noFriends": "pause 500/emote Sebastian 28/speak Sebastian \"*sigh*... I like having friends, I just need a lot of time alone to balance out the social stuff.$s#$b#Sam's the opposite... he goes crazy if he's alone for too long.#$b#Maybe that's why I like computers so much... They're engaging, straightforward, and unselfish. Quite the opposite of a lot of people I know.\"/pause 600/playSound mouseClick/pause 100/playSound mouseClick/pause 300/emote Sebastian 40/speak Sebastian \"Well, I should get back to work... I need to get this module finished by tomorrow.\"/pause 300/animate Sebastian false true 100 26 27/playSound keyboardTyping/pause 500/move farmer 0 2 3/move farmer -3 0 0/move farmer 0 -2 3/move farmer -5 0 0 true/globalFade/viewport -1000 -1000/pause 1000/end",
	"27/f Sebastian 1500/p Sebastian": "jaunty/-1000 -1000/farmer 1 1 2 Sebastian 5 9 3 Sam 3 7 2/skippable/showFrame Sam 24/showFrame Sebastian 28/doAction 1 3/viewport 5 5 true/move farmer 0 6 1/pause 500/showFrame Sebastian 29/pause 500/speak Sebastian \"Hey, @. $7\"/pause 500/speak Sebastian \"Sam and I were about to play 'Solarion Chronicles: The Game'... Why don't you join us?  It's better with three players anyway.$7\"/move farmer 0 1 2/pause 500/playSound thudStep/faceDirection farmer 1 true/showFrame 117/positionOffset farmer 16 80/pause 600/speak Sebastian \"Okay, here we go... Let me draw the scenario card.$7\"/pause 900/showFrame Sebastian 30/playSound dwoop/pause 500/showFrame Sebastian 28/pause 500/speak Sebastian \"Hmm... It looks like today's quest will take us into the Necromancer's Tower... to try and reclaim the Solarion Staff from the clutches of Dreadlord Xarth.\"/pause 600/speak Sam \"Cool... @, are you ready to choose your character?\"/pause 500/question chooseCharacter \"Choose your character:#Warrior. I like a direct approach.#Healer. I prefer to help others.#Wizard. A sharp mind is the most powerful blade of all.\"/pause 500/speak Sebastian \"Hey! That's what I was going to pick!$h#$b#I guess I'll be the healer then.\"/pause 500/speak Sam \"Cool. Warrior's my favorite anyway.\"/addMailReceived choseWizard/switchEvent opening",
	"warrior": "pause 500/speak Sebastian \"Good choice. Warrior's probably the easiest for beginners.$7#$b#I guess I'll pick the wizard, then.\"/emote Sam 28/speak Sam \"I guess I'm stuck with the healer.$s\"/addMailReceived choseWarrior/switchEvent opening",
	"healer": "pause 500/speak Sebastian \"Healer, huh? That's a very important role.$7#$b#I guess I'll pick the wizard, then.\"/speak Sam \"Cool. Warrior's my favorite anyway.\"/addMailReceived choseHealer/switchEvent opening",
	"opening": "pause 500/speak Sebastian \"Let's begin...\"/globalFade/viewport -1000 -1000/playMusic Crystal Bells/cutscene boardGame/pause 1700/message \"The King has entrusted you and your companions with recovering the Solarion Staff... a task which, if completed successfully, will ensure your place in the hall of legends as well as a sizable fortune of gold and silver.\"/pause 800/message \"After a long month journeying across unforgiving lands, you step out onto a precipice to see your destination looming in the distance.\"/pause 100/message \"There, beyond a moonlit plain, lies the Necromancer's Tower... where Dreadlord Xarth usurps the power of the stolen Solarion Staff for his vile purposes.\"/pause 500/pause 700/updateMinigame 1/resetVariable/pause 700/question fork1 \"The tower lies before you.#Go in the front. Fortune favors the bold.#Search for a back entrance. Let's remain hidden.\"/fork backEntrance/pause 500/updateMinigame 3/pause 50/playSound skeletonStep/pause 100/playMusic bigDrums/pause 500/message \"A skeleton guards the hallway before you. It looks dangerous.\"/pause 900/resetVariable/question fork1 \"What do you do?#Fight the skeleton.#Run away.\"/fork ranAway/pause 500/resetVariable/question fork0 \"The skeleton lunges forward!#Swing your weapons.#Raise your shields.\"/fork swungWeapons/pause 600/playSound clubhit/updateMinigame -1/pause 500/message \"You successfully block the attack. The skeleton stumbles backward, giving you enough time to strike out and slay the foul creature.\"/pause 200/playSound swordswipe/pause 400/playSound skeletonDie/updateMinigame 5/updateMinigame -1/pause 1000/addMailReceived killedSkeleton/message \"You continue down the hallway, taking care not to step on the skeleton's remains.\"/pause 900/switchEvent sewer",
	"swungWeapons": "pause 300/message \"The skeleton is too quick, and strikes out at your party before anyone has a chance to attack!\"/playSound killAnimal/updateMinigame -1/pause 1000/message \"The force of the blow sends your party flying backwards. Unable to stop in time, you tumble down a steep slope and splash into something wet.\"/pause 100/playSound dropItemInWater/pause 700/switchEvent sewer",
	"ranAway": "pause 300/message \"You turn and run along a dim corridor. The cold stone slopes and spirals downward for what seems like an eternity. Finally, you emerge into a new area.\"/pause 400/switchEvent sewer",
	"backEntrance": "pause 300/playSound leafrustle/pause 500/playSound grassyStep/pause 400/playSound leafrustle/pause 500/updateMinigame 2/pause 600/message \"After searching around the base of the tower, you discover a trapdoor hidden in the brush. Beneath is a ladder, which your party descends.\"/pause 800/playSound woodyStep/pause 400/playSound woodyStep/pause 400/playSound woodyStep/pause 500/switchEvent sewer",
	"sewer": "updateMinigame 4/resetVariable/playMusic pool_ambient/pause 1600/message \"You find yourself in a sewer-like corridor. To your left, a hallway glows with a peculiar green light. To your right, a staircase leads up into the dark.\"/pause 500/question fork1 \"What do you do?#Enter the hallway to your left.#Climb the stairs to your right.\"/fork wizardDoor/switchEvent podRoom",
	"podRoom": "pause 500/updateMinigame 7/resetVariable/playMusic Hospital_Ambient/pause 1600/message \"You are in a room. On your left is a ladder. On your right, three prisoners are floating in strange, glowing capsules. They appear to be in the process of some kind of transformation.\"/pause 500/message \"Could this be some sick experiment of the Dreadlord's?\"/pause 500/question fork0 \"What do you do?#Leave as quickly as possible.#Destroy the capsules.\"/fork leave/pause 500/pause 500/playSound swordswipe/pause 200/playSound breakingGlass/updateMinigame -1/pause 1000/message \"After putting these poor souls to rest, you and your companions climb the ladder.\"/pause 800/addMailReceived destroyedPods/playSound woodyStep/pause 400/playSound woodyStep/pause 400/playSound woodyStep/pause 500/switchEvent wizardDoor",
	"wizardDoor": "pause 500/updateMinigame 8/resetVariable/playMusic Lava_Ambient/pause 1600/message \"You've come to a door at the end of a hallway.\"/pause 800/message \"The time has come to face Dreadlord Xarth.\"/pause 500/playSound openChest/pause 1000/switchEvent Necromancer",
	"Necromancer": "pause 500/updateMinigame 6/resetVariable/playMusic Lava_Ambient/pause 1600/message \"Xarth: Intruders? How dare you tresspass in my private chambers!\"/pause 800/message \"Ah, so you've come for the Solarion Staff...\"/pause 800/message \"Hehehe... fools. You'll make a nice addition to my skeleton army!\"/pause 500/fork choseWizard finalBossWizard/fork choseWarrior finalBossWarrior/message \"Dreadlord Xarth casts shadow beam!\"/pause 500/playSound flameSpell/pause 800/playSound flameSpellHit/updateMinigame -1/pause 1000/message \"You were able to dodge the spell, but your companions are gravely injured!\"/pause 500/question fork0 \"What do you do?#Heal the Warrior (Sam).#Heal the Wizard (Sebastian).\"/pause 500/fork healedSam/playSound healSound/pause 500/speak Sebastian \"Thanks, @.$7\"/speak Sam \"...$s\"/pause 1000/playMusic none/message \"Sebastian casts 'Pure Bolt'... A beam of white light hits Xarth square in the face. The Dreadlord shrieks and crumbles into dust.\"/playSound debuffSpell/pause 500/playSound killAnimal/updateMinigame 9/updateMinigame -1/pause 800/message \"You pick up the Solarion Staff and hold it high. Order has been restored to the world.\"/addMailReceived savedFriends/pause 1000/playSound getNewSpecialItem/updateMinigame -2/switchEvent end",
	"healedSam": "playSound healSound/pause 500/speak Sam \"Thanks, @.\"/speak Sebastian \"...$s\"/pause 1000/playMusic none/message \"Sam charges ahead and strikes down Xarth, freeing the Solarion Staff from his clutches and restoring peace and order to the world.\"/pause 500/playSound swordswipe/pause 400/playSound killAnimal/updateMinigame 9/updateMinigame -1/pause 1000/playSound getNewSpecialItem/updateMinigame -2/switchEvent end",
	"finalBossWizard": "pause 500/resetVariable/message \"Dreadlord Xarth is muttering an incantation...\"/pause 500/question fork0 \"What do you do?#Cast 'Pure Beam' at Xarth.#Put a 'Shield Charm' on your friends.\"/fork castBeam/pause 800/playSound debuffHit/message \"You place a 'Shield Charm' on Sam and Sebastian.\"/pause 500/playSound debuffSpell/updateMinigame -1/pause 1000/message \"Xarth sends bolts of pure dark energy flying. One of them strikes Sebastian, but your 'Shield Charm' reflects it back into Xarth's face!\"/pause 800/playSound killAnimal/updateMinigame 9/updateMinigame -1/pause 800/message \"Xarth is defeated, and the Solarion Staff glows peacefully. Order has been restored to the world.\"/pause 1000/playSound getNewSpecialItem/addMailReceived savedFriends/updateMinigame -2/switchEvent end",
	"castBeam": "pause 500/message \"Before you have a chance to cast your spell, Xarth sends a shadow beam at your companions!\"/pause 500/playSound flameSpell/pause 500/playSound flameSpellHit/updateMinigame -1/pause 800/message \"Sam and Sebastian are fried to a crisp...\"/pause 500/playSound yoba/pause 800/message \"Your spell hits Xarth square in the face.\"/pause 500/playSound killAnimal/updateMinigame 9/updateMinigame -1/message \"He lets out a shriek and crumbles into dust. You pick up the Solarion Staff and hold it high. Peace and order have been restored to the world.\"/pause 1000/playSound getNewSpecialItem/updateMinigame -2/switchEvent end",
	"chargeAhead": "pause 500/message \"You charge forward, but Xarth slips past you and sends a shadow beam at your companions!\"/pause 500/playSound flameSpell/pause 500/playSound flameSpellHit/updateMinigame -1/pause 800/message \"Sebastian and Sam are fried to a crisp...\"/pause 800/message \"You swing your sword again and land a solid blow. Xarth shrieks and crumbles into dust.\"/playSound swordswipe/pause 400/playSound killAnimal/updateMinigame 9/updateMinigame -1/pause 800/message \"You pick up the Solarion Staff and hold it high. Peace and order have been restored to the world.\"/pause 1000/playSound getNewSpecialItem/updateMinigame -2/switchEvent end",
	"finalBossWarrior": "pause 500/resetVariable/message \"Dreadlord Xarth is muttering an incantation...\"/pause 500/question fork0 \"What do you do?#Charge ahead, swinging your sword.#Use your shield to defend your friends.\"/fork chargeAhead/pause 1200/message \"Xarth casts 'Shadow Bolt' at Sebastian... but you raise your shield just in time to deflect the attack!\"/pause 500/playSound debuffSpell/pause 400/playSound parry/updateMinigame -1/pause 1000/message \"As Xarth prepares another spell, you charge forward and strike him down with your sword.\"/playSound swordswipe/pause 500/playSound killAnimal/updateMinigame 9/updateMinigame -1/pause 1000/message \"The Solarion Staff glows peacefully as you hold it high. Order has been restored to the world!\"/pause 1000/playSound getNewSpecialItem/addMailReceived savedFriends/updateMinigame -2/switchEvent end",
	"leave": "pause 500/message \"Putting the disturbing sight of the prisoners out of your mind, you and your companions quickly climb the ladder.\"/pause 800/playSound woodyStep/pause 400/playSound woodyStep/pause 400/playSound woodyStep/pause 500/switchEvent wizardDoor",
	"end": "playMusic Hospital_Ambient/pause 9000/viewport 5 5 true/pause 800/showFrame Sebastian 29/speak Sebastian \"Hey, not bad!$7#$b#It took me like, three or four tries to beat my first scenario.$7\"/emote farmer 32/pause 1000/speak Sebastian \"Thanks for stopping by... I'll see you later.$7\"/globalFade/viewport -1000 -1000/pause 1000/end"
}