{
	"1/f Abigail 500/p Abigail/d Sat": "none/-9999 -4/farmer 13 6 3 Abigail 3 6 2/skippable/showFrame Abigail 20/specificTemporarySprite abbyvideoscreen/viewport 9 4 true/pause 1000/playSound Cowboy_gunshot/pause 150/emote Abigail 52/pause 800/playSound Cowboy_gunshot/pause 150/playSound Cowboy_gunshot/pause 150/playSound Cowboy_gunshot/temporarySprite 2 4 27 8 50/shake Abigail 500/pause 150/playSound Cowboy_gunshot/pause 150/temporarySprite 4 4 27 8 50 true/playSound Cowboy_gunshot/pause 450/playSound Cowboy_monsterDie/pause 550/playSound Cowboy_gunshot/pause 150/playSound cowboy_dead/pause 850/emote Abigail 28/playMusic distantBanjo/showFrame Abigail 21/pause 80/showFrame Abigail 22/pause 80/move farmer -1 0 3/move farmer -3 0 3/faceDirection Abigail 1/pause 200/emote Abigail 16/pause 600/speak Abigail \"@?\"/move farmer -3 0 3/speak Abigail \"You scared me, sneaking into my room like that!\"/faceDirection Abigail 0/speak Abigail \"*sigh*... so I've been playing 'Journey of the Prairie King' for hours and I can't even beat the first level...$s#$b#This game is ridiculously hard!$a#$b#Well, either that or I'm just terrible at it.$s\"/faceDirection Abigail 1/pause 1000/emote Abigail 16/pause 300/speak Abigail \"Hey, do you want to try this level together with me? I think I might do better with your help.\"/faceDirection farmer 3/farmerAnimation 97/pause 1000/faceDirection Abigail 0/move farmer 0 1 3/move farmer -4 0 0/move farmer 0 -1 0/faceDirection farmer 0/pause 500/globalFade/cutscene AbigailGame/pause 500/faceDirection Abigail 3/stopMusic/faceDirection farmer 1/fork beatGame/pause 600/emote Abigail 28/pause 400/speak Abigail \"Ugh, I give up... I'll never get past the first level.$s#$b#Oh well... thanks for trying.\"/faceDirection farmer 2/showFrame 96/emote farmer 40/pause 1000/end",
	"beatGame": "playMusic jaunty/speak Abigail \"Hey, that was fun!$h#$b#Well thanks, @. You seem to really know your way around a joystick, huh? I guess that makes sense. $h^Thanks, @. I didn't think you'd know how to work a joystick so well! But it seems you're experienced.$h\"/pause 500/emote Abigail 32/pause 1000/end",
	"3/f Abigail 2000/p Abigail/t 2000 2200/n abbySpiritBoard": "echos/-1000 -1000/farmer 13 6 3 Abigail 6 8 1/skippable/specificTemporarySprite abbyOuijaCandles/viewport 7 5/speak Abigail \"Hey! I was hoping you'd show up. I wanna show you something.\"/move farmer -5 0 0/move farmer 0 2 3/faceDirection Abigail 2/speak Abigail \"See this? It's called a spirit board. Have you ever used one?\"/emote farmer 8/move Abigail 0 2 1/move farmer 0 2 3/pause 500/speak Abigail \"Put your hands on the planchette with me...$l\"/showFrame Abigail 30/pause 200/animate farmer true true 9999 89/pause 600/speak Abigail \"Now the spirits will guide us toward a...$h\"/showFrame Abigail 31/pause 500/speak Abigail \"LOOK, it's moving!$7\"/emote farmer 16/speak Abigail \"The first letter is... 'I' ...\"/pause 600/speak Abigail \"Next is... '<' ...\"/pause 800/speak Abigail \"Wow, look at it go! It's spelling out... '%firstnameletter'...#$b#I < %firstnameletter...?\"/emote Abigail 16/showFrame Abigail 12/faceDirection Abigail 3/stopMusic/pause 200/stopAnimation farmer/faceDirection Abigail 1/pause 400/specificTemporarySprite abbyOuija/playSound swordswipe/pause 900/playSound seeds/pause 500/speak Abigail \"Oops, accidentally knocked over the board! Heh heh...$h#$b#It's just a silly game, it doesn't mean anything.$9\"/faceDirection Abigail 3/emote Abigail 60/faceDirection Abigail 1/speak Abigail \"I, um, have something to do. You'll have to go... Sorry.$9\"/faceDirection Abigail 2/emote farmer 28/pause 500/move farmer 0 -3 0/pause 800/faceDirection farmer 2/pause 1000/move farmer 5 0 1 true/globalFade/viewport -1000 -1000/end invisibleWarpOut Abigail",
	"16/f Pierre 1500/p Pierre": "Hospital_Ambient/20 5/farmer 20 12 0 Pierre 14 15 0/skippable/doAction 20 11/move farmer 0 -7 1/move farmer -1 0 0/move farmer 0 -1 0/pause 600/faceDirection farmer 1/pause 1000/showFrame 35/emote farmer 8/pause 1000/playSound secret1/stopAnimation farmer/message \"Found Pierre's 'secret stash'.\"/pause 1000/speak Pierre \"Hey! Who's in the bedroom?$4\"/warp Pierre 20 12 true/faceDirection Pierre 0/playMusic ragtime/move Pierre 0 -4 0 true/faceDirection farmer 2 true/showFrame 94/jump farmer/pause 1000/stopAnimation farmer/proceedPosition Pierre/emote Pierre 16/speed Pierre 4/move Pierre 0 -3 1 false/move Pierre -1 0 0/faceDirection farmer 2/speak Pierre \"Wha...? How did you find that?!$4\"/faceDirection Pierre 2/pause 200/faceDirection Pierre 0/speak Pierre \"Quick, give it to me!$u\"/showFrame 95/pause 300/playSound coin/pause 600/showFrame 0/pause 500/speak Pierre \"$q 50 null#Promise me you won't tell anyone about this.#$r 50 70 Event_naga1#Your secret is safe with me.#$r 50 -500 Event_naga2#Your wife deserves to know about this.\"/pause 500/speed Pierre 2/move Pierre 1 0 2/emote Pierre 12/speak Pierre \"*grumble*...now I have to find a new hiding spot...*grumble*$u \"/move Pierre 0 8 0 true/globalFade/viewport -1000 -1000/end",
	"17/f Caroline 1500/p Caroline/p Abigail": "50s/35 9/farmer 31 13 0 Abigail 34 9 1 Caroline 35 9 3/skippable/move farmer 0 -1 0/pause 500/faceDirection farmer 0/speak Abigail \"Stop telling me how to live my life!$a\"/pause 500/speak Caroline \"Hey, cut it out! We're letting you live here free of charge until you finish school. It seems like you don't appreciate that at all!$u\"/emote Abigail 12/speak Abigail \"Stop trying to make me feel guilty.$a#$b#I appreciate that you and Dad are helping me out, but expecting me to dress the way you want is ridiculous.$a#$b#I'm not a little girl anymore, Mom.$u\"/faceDirection Caroline 1/pause 1500/faceDirection Caroline 3/speak Caroline \"...You're right. I'm sorry.$s\"/pause 500/faceDirection farmer 2/playSound woodyStep/faceDirection Abigail 2 true/faceDirection Caroline 2/speak Abigail \"Is someone there?$7\"/faceDirection farmer 0/speed farmer 4/move farmer 0 1 3/speed farmer 4/move farmer -4 0 2 true/move Abigail -3 0 2 false/emote Abigail 8/speak Abigail \"I swear, this house is haunted.\"/emote Caroline 40/pause 500/end dialogue Abigail \"Urgghh...$a#$b#Sorry... I was fighting with my Mom earlier.$s\"",
	"58/f Harvey 1500/t 1100 1500": "aerobics/-1000 -1000/farmer 14 12 1 Harvey 23 20 0 Marnie 23 18 0 Emily 23 16 0 Robin 25 18 0 Pam 25 16 0 Caroline 24 14 2 Jodi 27 16 0 Leah 27 18 0/skippable/showFrame Harvey 26/viewport 24 17 true/pause 500/faceDirection Caroline 3 true/pause 500/screenFlash 1/showFrame Harvey 27 true/faceDirection Marnie 3 true/faceDirection Leah 3 true/faceDirection Jodi 3 true/faceDirection Pam 3 true/faceDirection Robin 3 true/faceDirection Emily 3 true/pause 500/faceDirection Leah 1 true/faceDirection Jodi 1 true/faceDirection Caroline 1/pause 500/showFrame Harvey 25 true/faceDirection Marnie 1 true/faceDirection Pam 1 true/faceDirection Robin 1 true/faceDirection Emily 1 true/pause 500/faceDirection Caroline 2/pause 500/faceDirection Leah 0 true/faceDirection Jodi 0 true/faceDirection Marnie 0 true/faceDirection Pam 0 true/faceDirection Robin 0 true/faceDirection Emily 0 true/pause 300/showFrame Harvey 26 true/pause 200/pause 500/faceDirection Caroline 3 true/pause 500/faceDirection Leah 3 true/faceDirection Jodi 3 true/faceDirection Marnie 3 true/faceDirection Pam 3 true/faceDirection Robin 3 true/faceDirection Emily 3 true/pause 350/showFrame Harvey 27 true/pause 150/faceDirection Caroline 1/pause 500/faceDirection Leah 1 true/faceDirection Jodi 1 true/showFrame Harvey 25 true/faceDirection Marnie 1 true/faceDirection Pam 1 true/faceDirection Robin 1 true/faceDirection Emily 1 true/pause 500/faceDirection Caroline 2/pause 500/faceDirection Leah 0 true/faceDirection Jodi 0 true/faceDirection Marnie 0 true/faceDirection Pam 0 true/faceDirection Robin 0 true/faceDirection Emily 0 true/showFrame Harvey 26 true/pause 500/faceDirection Marnie 0 true/faceDirection Pam 0 true/faceDirection Robin 0 true/faceDirection Emily 0 true/showFrame Harvey 26 true/faceDirection Caroline 0 true/pause 1000/faceDirection Leah 1 true/faceDirection Jodi 1 true/faceDirection Marnie 1 true/faceDirection Pam 1 true/faceDirection Robin 1 true/faceDirection Emily 1 true/showFrame Harvey 25 true/faceDirection Caroline 1 true/pause 1000/faceDirection Leah 2 true/faceDirection Jodi 2 true/faceDirection Marnie 2 true/faceDirection Pam 2 true/faceDirection Robin 2 true/faceDirection Emily 2 true/showFrame Harvey 24 true/faceDirection Caroline 2 true/pause 1000/faceDirection Leah 3 true/faceDirection Jodi 3 true/faceDirection Marnie 3 true/faceDirection Pam 3 true/faceDirection Robin 3 true/faceDirection Emily 3 true/showFrame Harvey 27 true/faceDirection Caroline 3 true/pause 1000/faceDirection Leah 0 true/faceDirection Jodi 0 true/faceDirection Marnie 0 true/faceDirection Pam 0 true/faceDirection Robin 0 true/faceDirection Emily 0 true/showFrame Harvey 26 true/faceDirection Caroline 0 true/pause 500/faceDirection Marnie 0 true/faceDirection Pam 0 true/faceDirection Robin 0 true/faceDirection Emily 0 true/showFrame Harvey 26 true/faceDirection Caroline 0 true/pause 1000/faceDirection Leah 1 true/faceDirection Jodi 1 true/faceDirection Marnie 1 true/faceDirection Pam 1 true/faceDirection Robin 1 true/faceDirection Emily 1 true/showFrame Harvey 25 true/faceDirection Caroline 1 true/pause 1000/faceDirection Leah 2 true/faceDirection Jodi 2 true/faceDirection Marnie 2 true/faceDirection Pam 2 true/faceDirection Robin 2 true/faceDirection Emily 2 true/showFrame Harvey 24 true/faceDirection Caroline 2 true/pause 1000/faceDirection Leah 3 true/faceDirection Jodi 3 true/faceDirection Marnie 3 true/faceDirection Pam 3 true/faceDirection Robin 3 true/faceDirection Emily 3 true/showFrame Harvey 27 true/faceDirection Caroline 3 true/pause 1000/faceDirection Leah 0 true/faceDirection Jodi 0 true/faceDirection Marnie 0 true/faceDirection Pam 0 true/faceDirection Robin 0 true/faceDirection Emily 0 true/showFrame Harvey 26 true/faceDirection Caroline 2 true/screenFlash 1/pause 2000/speak Caroline \"Alright! That concludes our aerobics class!#$b#Are you breaking a sweat?$h\"/pause 500/speak Harvey \"*pant*...*pant*...Yes.$7\"/move Pam -1 0 3 true/faceDirection Jodi 2/faceDirection Emily 1 true/viewport move 0 -1 3000/move farmer 3 0 1/faceDirection Robin 3/faceDirection Marnie 1 true/move Harvey -3 0 0/move Harvey 0 -8 3/emote Harvey 16/speak Harvey \"@! You were watching me?$8#$b#...How embarrassing... I didn't want anyone to know. Least of all you.$s\"/move Harvey -2 0 3/speak Harvey \"I'm just trying to stay healthy. As you get older, it requires more effort.#$b#I'm not in very good shape, though... I can hardly keep up with them.$s\"/pause 400/faceDirection Harvey 1/faceDirection Harvey 3/speak Harvey \"$q -1 null#Look... Don't tell everyone in town that I'm doing dance aerobics, okay?#$r -1 20 event_aerobics1#I won't tell.#$r -1 -50 event_aerobics2#I can't promise that.\"/pause 500/end dialogue Harvey \"Wow, that was quite a workout...\"",
	"3102768/j 15/H": "playful/6 21/farmer 6 29 0 Pierre 4 17 2 Gus 9 26 1 Marnie 3 23 0 Jodi 11 20 0 Demetrius 9 17 3 Morris -100 -100 0/broadcastEvent/skippable/move farmer 0 -5 0/move Gus 0 1 1 true/move Jodi -1 0 0 true/move farmer 0 -5 0 false/pause 500/move Pierre 1 0 2/speak Pierre \"Welcome To Pierre's! How can I help you?\"/pause 1000/playSound doorClose/warp Morris 6 29/pause 1000/emote Pierre 8/playSound dwop/faceDirection farmer 1 true/pause 50/faceDirection farmer 2/move Morris 0 -2 0/move Morris 0 -5 0/speak Morris \"Ahem...\"/pause 1000/faceDirection Marnie 1/faceDirection Gus 0/pause 1000/move Morris 1 0 1/speak Morris \"Come and get it folks... coupons for 50% off your purchase at JojaMart!\"/jump Pierre/textAboveHead Pierre \"50 Percent!?!?\"/showFrame Pierre 16/shake Pierre 3000/faceDirection Demetrius 2/faceDirection Jodi 3/pause 1000/animate Morris false true 80 16 17 16 18/pause 1000/showFrame Pierre 0/speak Morris \"Well? Any takers?\"/pause 500/advancedMove Marnie false 4 0/advancedMove Gus false -2 0 0 -3 -1 0 0 -2/advancedMove Jodi false -3 0 0 1/advancedMove Demetrius false 0 5 -1 0/pause 1500/globalFade/viewport -1000 1000/playMusic none/pause 500/warp Marnie -100 -100/warp Demetrius -100 -100/warp Jodi -100 -100/warp Gus -100 -100/playSound doorClose/pause 1000/playSound doorClose/pause 1000/playSound doorClose/pause 500/playSound doorClose/pause 1000/speak Pierre \"But... I can't match those prices! I'd be selling at a loss!$s\"/stopAnimation Morris/viewport 6 18 true/move Morris 0 -3 0/faceDirection farmer 1/pause 1000/speak Morris \"It must be so difficult for you... To lose your loyal customers like that.#$b#But can you blame them? Joja Corporation is clearly the superior choice.$h#$b#Soon the whole town will realize that.\"/faceDirection farmer 1/emote Pierre 28/playSound dwop/faceDirection Morris 3 true/pause 50/faceDirection Morris 2/move Morris 0 10 2 true/pause 1000/faceDirection farmer 2 true/globalFade/viewport -1000 -1000/end dialogue Pierre \"Sigh...$s\"",
	"963113/n pierreQualityCrops": "distantBanjo/5 19/farmer 5 23 0 Pierre 5 17 2 Gus 5 19 0 Jodi 5 21 0 Marnie 10 20 0 Robin 2 24 3 Evelyn 9 26 1/hostMail MSB_Pierre/skippable/pause 3000/speak Pierre \"Gus, I have just the thing for you...\"/speak Gus \"I'm all ears.\"/speak Pierre \"It's a bundle of locally sourced, organic, heirloom veggies...#$b#These are hand picked and sorted, to ensure only the very finest in quality and taste.#$b#This is a once-in-a-lifetime kind of offer!\"/speak Gus \"That sounds pretty good! I could use some quality veggies for the saloon. How much does it cost?\"/jump Pierre/pause 800/speak Pierre \"ONLY... *mumble* mumble*\"/emote Gus 8/speak Gus \"What was that?#$b#Hahaha... for a moment there, I thought I heard, '25,000g'.$h\"/emote Pierre 40/speak Pierre \"Heh... that's right. It really is a bargain, isn't it?\"/jump Gus/shake Gus 1000/pause 1000/speak Gus \"Pierre, are you crazy? There's no way I could afford that. I'd have to sell the saloon!$3\"/advancedMove Gus false 3 0 4 9999/move Jodi 0 -2 0 true/move farmer 0 -2 0 false/speak Jodi \"I overheard the price... that's outrageous! You should be ashamed.$3\"/move Jodi 1 0 1/speak Pierre \"Wait! How about 10,000g then!?$4\"/textAboveHead Jodi \"No way!\"/move Jodi 1 0 1/faceDirection Gus 3/pause 1000/emote Pierre 28/pause 100/proceedPosition Jodi/move farmer 0 -1 0/pause 500/speak Pierre \"It's a disaster, @... $s#$b#I thought this was a surefire business strategy.$s#$b#But it turns out, no one is willing to buy vegetables at a 10x price markup, even if I put the little 'organic' sticker on them.$s\"/pause 400/quickQuestion #You win some, you lose some#You should be less greedy#I'm offended they didn't want my veggies(break)pause 300\\speak Pierre \"You're right, you can't run a business without taking some risk.\"(break)emote Pierre 12\\speak Pierre \"Hey, I'm not forcing anyone to buy it! If they don't like the price, they can move on.$3\"\\pause 1000\\speak Pierre \"...But, I guess you have a point. If I make all my customers angry, then pretty soon I won't have any customers at all...$s\"(break)faceDirection Jodi 3\\speak Jodi \"Your veggies look great, @. It's Pierre's price that turned us away.\"\\faceDirection Jodi 1\\pause 1000/emote Pierre 40/speak Pierre \"By the way, @... you look like you could really use a veggie dinner tonight.#$b#What do you say, wanna buy these back for the low, low price of 2,501g?\"/emote farmer 12/end"
}