{
	"decorate": "speak Haley \"Decorate?$s#$b#Um, okay.$u\"/faceDirection Haley 1/speak Haley \"So that's the best thing you can think of doing right now? Here... in this small, dark room with me?$u#$b#Interesting.$u\"/faceDirection farmer 0/faceDirection Haley 2/showFrame Haley 22/pause 1000/end dialogue Haley \"Well, the dark room looks great now... Thanks, @.$u\"",
	"leave": "speak Haley \"Oh, you have to leave already?$s#$b#Well... alright. Bye.$s\"/pause 500/move farmer 0 1 1/faceDirection Haley 2 true/move farmer 1 0 2/move farmer 0 1 2/playSound doorClose/warp farmer -1000 -1000/pause 1000/showFrame Haley 22/pause 1000/speak Haley \"Wow... I didn't think he was that dense.$s^Wow... I didn't think she was that dense.$s\"/end dialogue Haley \"I thought you had something important to do...$u\"",
	"tooBold": "showFrame 6/playMusic none/positionOffset farmer -8 0/positionOffset Elliott 8 0/showFrame Elliott 12/jump Elliott/pause 1000/faceDirection Elliott 1/pause 1000/end dialogue Elliott \"I'm so embarrassed...$8\"",
	"poppy": "pause 100/speak Sam \"Hi, everyone. We're from Selkirk... Er... and we're called 'The Pelicans'$8\"/speak Sam \"$p 20#This song's about Farming, mining, and chopping wood.|$p 8820#This song's about a city in the sea.|$p 8821#This song's about trains.|Here we go...$8\"/playMusic samBand/animate Abigail false true 118 49 34 35 48/pause 1890/animate Sam false true 236 20 21/animate Sebastian false true 118 42 43 52 53/animate Vincent false true 236 20 8 21 8/animate Emily false true 236 16 17/animate Leah false true 236 30 31/animate Elliott false true 236 36 37/animate Maru false true 236 29 30/pause 31000/jump Sam/pause 400/animate Sam false true 236 22 23/pause 28500/stopAnimation Sam/stopAnimation Sebastian/stopAnimation Abigail/pause 800/stopAnimation Vincent/stopAnimation Elliott/stopAnimation Leah/stopAnimation Maru/stopAnimation Emily/speak Emily \"$p 78#Wow! Those electronic sounds were far out!$h|Woooh! That was great!$h\"/speak Leah \"$p 79#That was great! It's a new honky-tonk classic!|Nice work, guys!$h\"/speak Shane \"$p 77#I really loved that heavy breakdown at the end.|I really enjoyed that bass part.\"/move Sam 1 0 2/speak Sam \"Thanks, everyone!$h#$b#But you should really be clapping for @! Without his help we'd never have decided what kind of music to make in the first place!^But you should really be clapping for @! Without her help we would've never decided what kind of music to make in the first place!\"/faceDirection Sam 2/faceDirection Leah 3/faceDirection Penny 1/faceDirection farmer 3/speak Penny \"So you're like an honorary member of the band, then?$h\"/pause 300/faceDirection Penny 0 true/faceDirection Leah 0/faceDirection farmer 0 true/move Sam -1 0 2/speak Sam \"Oh! And don't forget to pick up one of our demo cassettes on the way out... Only 10g!\"/pause 1000/mail afterSamShow/globalFade/viewport -1000 -1000/pause 4000/speak Sam \"That went well! Thanks again for coming with us.$h\"/end dialogue Sam \"Hey. The show was a great success! Thanks again, @.\"",
	"heavy": "pause 100/speak Sam \"Hi, everyone. We're from Selkirk... Er... and we're called 'Goblin Destroyer'$8\"/speak Sam \"$p 20#This song's about Farming, mining, and chopping wood.|$p 8820#This song's about a city in the sea.|$p 8821#This song's about trains.|Here we go...$8\"/playMusic samBand/animate Abigail false true 125 49 34 35 48/pause 2500/animate Sam false true 250 20 21/animate Sebastian false true 125 42 43 52 53/animate Vincent false true 250 20 8 21 8/animate Emily false true 250 16 17/animate Leah false true 250 30 31/animate Elliott false true 250 36 37/animate Maru false true 250 29 30/pause 31500/jump Sam/pause 500/animate Sam false true 236 22 23/pause 15000/stopAnimation Sam/stopAnimation Sebastian/stopAnimation Abigail/pause 700/animate Abigail false true 250 49 34 35 48/animate Sam false true 500 20 21/animate Sebastian false true 250 42 43 52 53/pause 10000/stopAnimation Sam/stopAnimation Sebastian/stopAnimation Abigail/pause 800/stopAnimation Vincent/stopAnimation Elliott/stopAnimation Leah/stopAnimation Maru/stopAnimation Emily/speak Emily \"$p 78#Wow! Those electronic sounds were far out!$h|Woooh! That was great!$h\"/speak Leah \"$p 79#That was great! It's a new honky-tonk classic!|Nice work, guys!$h\"/speak Shane \"$p 77#I really loved that heavy breakdown at the end.|I really enjoyed that bass part.\"/move Sam 1 0 2/speak Sam \"Thanks, everyone!$h#$b#But you should really be clapping for @! Without his help we'd never have decided what kind of music to make in the first place!^But you should really be clapping for @! Without her help we would've never decided what kind of music to make in the first place!\"/faceDirection Sam 2/faceDirection Leah 3/faceDirection Penny 1/faceDirection farmer 3/speak Penny \"So you're like an honorary member of the band, then?$h\"/pause 300/faceDirection Penny 0 true/faceDirection Leah 0/faceDirection farmer 0 true/move Sam -1 0 2/speak Sam \"Oh! And don't forget to pick up one of our demo cassettes on the way out... Only 10g!\"/pause 1000/mail afterSamShow/globalFade/viewport -1000 -1000/pause 4000/speak Sam \"That went well! Thanks again for coming with us.$h\"/end dialogue Sam \"Hey. The show was a great success! Thanks again, @.\"",
	"techno": "pause 100/speak Sam \"Hi, everyone. We're from Selkirk... Er... and we're called 'Xenon Chip 3.0'.$8\"/speak Sam \"$p 20#This song's about Farming, mining, and chopping wood.|$p 8820#This song's about a city in the sea.|$p 8821#This song's about trains.|Here we go...$8\"/playMusic samBand/faceDirection Sam 1 true/pause 1200/animate Sebastian false true 158 42 43 52 53/pause 10100/animate Emily false true 316 16 17/animate Vincent false true 316 20 8 21 8/faceDirection Sam 3 true/animate Abigail false true 158 49 34 35 48/pause 9100/faceDirection Sam 2 true/showFrame Sam 20/pause 1000/animate Sam false true 316 20 21/animate Leah false true 316 30 31/animate Elliott false true 316 36 37/animate Maru false true 316 29 30/pause 20000/jump Sam/pause 400/animate Sam false true 316 22 23/pause 19000/stopAnimation Sam/stopAnimation Sebastian/stopAnimation Abigail/pause 800/stopAnimation Vincent/stopAnimation Elliott/stopAnimation Leah/stopAnimation Maru/stopAnimation Emily/speak Emily \"$p 78#Wow! Those electronic sounds were far out!$h|Woooh! That was great!$h\"/speak Leah \"$p 79#That was great! It's a new honky-tonk classic!|Nice work, guys!$h\"/speak Shane \"$p 77#I really loved that heavy breakdown at the end.|I really enjoyed that bass part.\"/move Sam 1 0 2/speak Sam \"Thanks, everyone!$h#$b#But you should really be clapping for @! Without his help we'd never have decided what kind of music to make in the first place!^But you should really be clapping for @! Without her help we would've never decided what kind of music to make in the first place!\"/faceDirection Sam 2/faceDirection Leah 3/faceDirection Penny 1/faceDirection farmer 3/speak Penny \"So you're like an honorary member of the band, then?$h\"/pause 300/faceDirection Penny 0 true/faceDirection Leah 0/faceDirection farmer 0 true/move Sam -1 0 2/speak Sam \"Oh! And don't forget to pick up one of our demo cassettes on the way out... Only 10g!\"/pause 1000/mail afterSamShow/globalFade/viewport -1000 -1000/pause 4000/speak Sam \"That went well! Thanks again for coming with us.$h\"/end dialogue Sam \"Hey. The show was a great success! Thanks again, @.\"",
	"honkytonk": "pause 100/speak Sam \"Hi, everyone. We're from Selkirk... Er... and we're called 'The Alfalfas'$8\"/speak Sam \"$p 20#This song's about Farming, mining, and chopping wood.|$p 8820#This song's about a city in the sea.|$p 8821#This song's about trains.|Here we go...$8\"/playMusic samBand/pause 1200/pause 1666/animate Sebastian false true 104 42 43 52 53/pause 1666/animate Sam false true 208 20 21/animate Vincent false true 208 20 8 21 8/animate Emily false true 208 16 17/animate Leah false true 208 30 31/animate Elliott false true 208 36 37/animate Maru false true 208 29 30/pause 26000/animate Sam false true 208 22 23/pause 12500/animate Abigail false true 104 49 34 35 48/jump Sam/pause 400/animate Sam false true 208 20 21/pause 17500/stopAnimation Sam/stopAnimation Sebastian/stopAnimation Abigail/pause 800/stopAnimation Vincent/stopAnimation Elliott/stopAnimation Leah/stopAnimation Maru/stopAnimation Emily/speak Emily \"$p 78#Wow! Those electronic sounds were far out!$h|Woooh! That was great!$h\"/speak Leah \"$p 79#Good job! It's a new honky-tonk classic!|Nice work, guys!$h\"/speak Shane \"$p 77#I really loved that heavy breakdown at the end.|I really enjoyed that bass part.\"/move Sam 1 0 2/speak Sam \"Thanks, everyone!$h#$b#But you should really be clapping for @! Without his help we'd never have decided what kind of music to make in the first place!^But you should really be clapping for @! Without her help we would've never decided what kind of music to make in the first place!\"/faceDirection Sam 2/faceDirection Leah 3/faceDirection Penny 1/faceDirection farmer 3/speak Penny \"So you're like an honorary member of the band, then?$h\"/pause 300/faceDirection Penny 0 true/faceDirection Leah 0/faceDirection farmer 0 true/move Sam -1 0 2/speak Sam \"Oh! And don't forget to pick up one of our demo cassettes on the way out... Only 10g!\"/pause 1000/mail afterSamShow/globalFade/viewport -1000 -1000/pause 4000/speak Sam \"That went well! Thanks again for coming with us.$h\"/end dialogue Sam \"Hey. The show was a great success! Thanks again, @.\""
}