{
	"Rainy_Day_0": "Do you like rainy days as much as I do, @?",
	"Rainy_Day_1": "We're different in so many ways... but that's alright.",
	"Rainy_Day_2": "Good morning, @. I went out early and found this for you. [305 308 203 795 397]#$e#I hope it's not too strange.",
	"Rainy_Day_3": "I wonder if the wizard knows about... this? I hope he can keep a secret.$s",
	"Rainy_Day_4": "As much as I try to be civilized, I have the urge to be mischievous sometimes...$6#$e#They say it's a condition of my people.",
	"Rainy_Day_Krobus": "Ah, It's more humid today with the rain... I feel a lot more comfortable.",
	"Rainy_Night_0": "On nights like this, those who gaze out windows sometimes see shadowy figures. To think... it might've been me.$7",
	"Rainy_Night_1": "If the other shadow people knew about our living arrangement, they would... 'punish' me.$s#$e#Most of them despise humans, you know.",
	"Rainy_Night_2": "You're sopping wet, and cold! Isn't that dangerous to your species?$s",
	"Rainy_Night_3": "I already had dinner, but it wasn't something you'd be able to eat... sorry.",
	"Rainy_Night_4": "Ever since I left my people, I've been searching for a new home... now I belong somewhere. That means everything to me.",
	"Rainy_Night_5": "It's said that my people came here long ago, when a great catastrophe allowed spirits from the void to cross into the physical plane.",
	"Rainy_Night_Krobus": "The sound of the rain reminds me of the sewers... it's comforting.#$e#The sewers were my refuge... I felt safe there. But don't worry... I feel the same way about my new home, too.",
	"Indoor_Day_0": "If I could come help you, I would... but I'll do my best to keep the house in order.",
	"Indoor_Day_1": "I tried my best to make human food... [203 204 651 225]#$e#You can eat it later, don't worry about it...",
	"Indoor_Day_2": "I'm happy here, in the house. I like to spend all my time in a good spot... I don't need to \"get out\" like humans do.#$e#But I understand that you need to! Please don't feel like you have to stay here with me.$3",
	"Indoor_Day_3": "I'm considering spending my day all balled up and wedged in the corner...#$e#What? You mean you don't do that?$3",
	"Indoor_Day_4": "On Fridays, I like to stay quiet out of respect for Yoba. I hope you don't mind.",
	"Indoor_Day_Krobus": "I wish I could help you on the farm, but I can't go out in the sun...",
	"Indoor_Night_0": "I cleaned all the bugs out of the house today... Sorry, I didn't save you any! *smack*$7",
	"Indoor_Night_1": "You feel solid... sometimes I wish I had bones, too...$s",
	"Indoor_Night_2": "Sometimes I wonder if humans and shadow people could really ever co-exist... It's a lovely idea, but is it realistic?$s#$e#I hope so...",
	"Indoor_Night_3": "Sometimes I pause and think of all that I've learned about humans from you...#$b#I wish all my fellow shadow people could know this feeling.",
	"Indoor_Night_4": "I want to be a good housemate for you, but I never know if I'm doing well... *groan* $s#$e#I have a hard time understanding human expression. B... but... you're happy living with me?#$e#Okay!$7",
	"Indoor_Night_Krobus": "Hi, @. Welcome home. You look like you've been working hard out there!$h",
	"Outdoor_0": "I'll stay out here for just a bit, but we've got to be careful... if anyone approaches I'll need to hide!",
	"Outdoor_1": "It's rare that I can step outside!",
	"Outdoor_2": "What a beautiful day!$h",
	"Outdoor_3": "Wide open spaces make me nervous...$s",
	"Outdoor_4": "Please go about your day, I'll just stay here and guard the house.",
	"Outdoor_Krobus": "I'll wait here for a bit, and see if any bugs come my way.#$e#I haven't had breakfast yet!",
	"OneKid_3": "I'm not sure how, but Yoba has blessed this house with a 'child'...",
	"TwoKids_0": "Don't worry... I already made %kid1 and %kid2 a void egg omelet.",
	"TwoKids_2": "I worry about the future of the children... But I trust that Yoba has a plan for them.",
	"TwoKids_3": "This house has been blessed with two children, now... Does that mean Yoba approves of our unconventional living arrangement?",
	"Good_1": "I feel a sensation in my body... is this... 'platonic love'?$l#$b#... Oh, wait... I'm just shedding my skin.$s",
	"Good_2": "I've learned to overcome my bias against humans... but Dwarves still disgust me.$a",
	"Good_3": "You started nibbling on me during the night, and mumbling about 'black lick or ish'... what did you mean by that?$3",
	"Good_0": "We're making progress, and I feel really hopeful.$h",
	"Good_5": "I was just admiring this lovely house... what a wonderful place.$l",
	"Neutral_0": "I won't ever grow old, but you will. Sometimes it makes me sad... but that's okay.$s",
	"Neutral_1": "Do you think your Grandpa would approve of a monster living in his house?",
	"Neutral_2": "Do you think we could get in trouble for living together?$s",
	"Neutral_3": "It's so bright in here... I might close my eyes for a few hours.$s",
	"Neutral_4": "I can't go outside, I can only eat certain food, I need the temperature a certain way... I hope it's not too much of a bother to live with me, @.$s",
	"Neutral_5": "Welwick says I'm cursed today.$s",
	"Neutral_6": "I'll tell you a secret... I don't actually sleep, I just lay there with my eyes closed...",
	"Neutral_7": "You're a strange one, to want to live with a creature like me.",
	"Neutral_8": "I'm going to clean the house all day! This is fun.$7",
	"Neutral_9": "I wonder if we'll live here our entire lives? Moving would probably be too dangerous for me.",
	"Bad_1": "*sigh*... Maybe I should've stayed with my own kind.$s",
	"Bad_0": "...Do you still like me?$s",
	"Bad_2": "Are you still happy, living with me?$s",
	"Bad_4": "I think you'd be happier living with another human...$s",
	"Bad_5": "I've detected a change in your behavior... what does it mean? *groan*$s",
	"Bad_6": "You only have one short life to live... are you certain you want to spend it with a hideous creature like me?$s",
	"Bad_7": "Maybe a relationship like this is destined to fail...$s",
	"Bad_8": "You seem unhappy lately...$s",
	"Bad_9": "I miss the sewers.$s",
	"spring_5": "...",
	"spring_12": "...",
	"spring_19": "...",
	"spring_26": "...",
	"winter_5": "...",
	"winter_12": "...",
	"winter_19": "...",
	"winter_26": "...",
	"summer_5": "...",
	"summer_12": "...",
	"summer_19": "...",
	"summer_26": "...",
	"fall_5": "...",
	"fall_12": "...",
	"fall_19": "...",
	"fall_26": "...",
	"spring_1": "What's your plan for the new year, @?",
	"spring_23": "You should go to the flower dance tomorrow! Don't worry about me.",
	"summer_1": "I get sunburnt very easily, so I need to be careful this time of year.",
	"summer_8": "Mmm... what's that lovely smell? You must've been sweating all night...$h",
	"summer_15": "It's summer... that means the house is full of flies.#$e#Don't worry, I'll take care of them. It's good protein!$h",
	"fall_8": "I don't feel like doing anything today.",
	"fall_15": "Have you figured out what you're going to use for your grange display tomorrow?",
	"fall_24": "If I showed up to the Spirit's Eve festival they'd put me in a cage...$s",
	"winter_28": "Thanks for letting me stay here, @. I'm looking forward to another great year!$h",
	"spouseRoom_Krobus": "#$c .5#We're so physically different that it's a challenge to live together, isn't it?#$e#I hope the humidity here isn't bothersome to you. We both have to compromise in order to live together!",
	"spring_Krobus": "It's 'spring' now, isn't it? I can smell the peppery aroma of wild horseradish.",
	"summer_Krobus": "You call this time of year 'summer', right? The warmth and humidity is nice, but I wish it wasn't so sunny.",
	"fall_Krobus": "It's been feeling a bit cooler lately, with a musty smell. You call this time of year 'fall', correct?",
	"winter_Krobus": "The darkness this time of year is very soothing. If only it were warmer!"
}