{
	"Rainy_Day_0": "On rainy days my thoughts always drift toward cinnamon and cookies.",
	"Rainy_Day_1": "I wonder if Maru and Dr. Harvey will ever get together? I'm sure Harvey likes her...#$e#I think Maru will have to make the first move, though.$h",
	"Rainy_Day_2": "Hi, honey! I did some shopping this morning and got this for you.[186 180 770 535]#$e#I thought you could really use one of the those.$11",
	"Rainy_Day_3": "Hmm... maybe I should experiment with a new recipe. You liked the last recipe I made, didn't you, honey?#$e#What was it called... 'Chili de @'?",
	"Rainy_Day_4": "On days like this, I love to curl up with a good book.",
	"Rainy_Night_0": "How was your day, honey? I spent my afternoon reading a novel.",
	"patio_Penny": "This is a lot more peaceful than my old spot in town. I'm very happy here.",
	"Rainy_Night_1": "I'm sure Mom's at the saloon right now... But I don't feel so bad about it anymore. It's out of my hands.",
	"Rainy_Night_2": "I was just thinking about that night we met in the bathhouse.$l#$e#I'll never forget that night...$l",
	"Rainy_Night_3": "The sound of rain used to bother me, when I lived in that old metal trailer. But it's quite soothing here.",
	"Rainy_Night_4": "I felt like making a nice dinner. I hope you like it. [212 214 225 209 200]$h",
	"Indoor_Day_0": "It's so peaceful here. I used to have the most horrific nightmares, but now I sleep like a baby.",
	"Indoor_Day_1": "Good morning, @! I made you a hot breakfast.[195 210 211]#$e#It's important to me that you leave here with a full belly.$h",
	"Indoor_Day_2": "You know, I think I'll read a book today. I picked up something new from the library last time I was there.#$e#Gunther asked me to say hi.",
	"Indoor_Day_3": "I love to hear about all the artifacts you've found. Archaeology is fascinating!#$e#To think... there may have been farmers at this very spot 10,000 years ago.",
	"Indoor_Day_4": "Was I shy when we first met? It's funny to think about, now that we've come so far.$h",
	"Indoor_Night_0": "Good evening, honey. Did you accomplish everything you wanted to today?#$e#If not, that's okay. We've got all the time in the world!",
	"Indoor_Night_1": "Hmm... skirt or pants tomorrow? Oh, who am I kidding... I always go with the skirt.",
	"Indoor_Night_2": "We have it good here. We should always try and remember those less fortunate than us.#$e#I'm just very grateful for what we have.",
	"Indoor_Night_3": "Mom's probably pretty lonely now that I'm gone. I just hope she doesn't visit the saloon more to make up for it.#$e#You shouldn't feel bad! Mom has to solve her own problems. ",
	"Indoor_Night_4": "Ready to tuck in? I made the bed and everything...$11",
	"Outdoor_0": "I only ever dreamed of living in such a beautiful place, and now it's come true.#$e#I was so miserable back home.$s",
	"Outdoor_1": "Isn't this a perfect place to raise children?#$e#I would've been so happy growing up on a farm.",
	"Outdoor_2": "Hi, honey! If I knew more about farm work I'd help you out more. Sorry!#$e#I'll be thinking of you.$h",
	"Outdoor_3": "I just saw a songbird flying due west. In Gleann Dealtreul that's a very good omen.$h",
	"Outdoor_4": "Ahh... It feels great to be outside. I could spend all day right here, observing every little thing.",
	"OneKid_0": "Have you had any time to play with %kid1 today? Maybe a second child will make things better.",
	"OneKid_1": "Little %kid1 is going to have such a great childhood here.",
	"OneKid_3": "I feel a lot older now that we have a child. Maybe it's just this new responsibility weighing on me.#$e#It's not bad! I've wanted this for a long time.$11",
	"TwoKids_0": "I already gave %kid1 and %kid2 their food. They're such hungry children!",
	"TwoKids_1": "We have to make sure and give %kid1 a lot of attention now that we have %kid2. We don't want any jealousy between them.",
	"TwoKids_2": "I've had this dream that %kid2 grew wings and flew into the night sky. What does it mean?",
	"TwoKids_3": "A nice house, two wonderful kids, and a beautiful plot of land. We're so very fortunate.",
	"Good_0": "@...I still can't believe we're married...$l",
	"Good_1": "I had dreams of marrying you for such a long time.$l",
	"Good_2": "I knew you were the one from the moment you moved here...$l",
	"Good_3": "Wow, you look really handsome today! Did you shave?$l^Wow, you look beautiful today. Did you do something different with your hair?$l",
	"Good_4": "This place is really starting to feel like home.$l",
	"Good_6": "Be careful out there! Sometimes I worry that you aren't eating enough wholesome food.",
	"funLeave_Penny": "I'm going to head into town today, just for fun. I'll be back in a while!",
	"funReturn_Penny": "I had a nice time... It's good to stay in contact with everyone. Tell me about your day.",
	"spring_8": "Spring is probably my favorite season. There's a certain freshness in the air that fills me with hope.",
	"spring_1": "We've got a long, warm year to look forward to. Let's make it a productive one.",
	"spring_15": "Ah, the 'spring cleaning'... I'm actually going to enjoy this.",
	"summer_16": "*phew*... I need to eat more melon to combat this heat!",
	"summer_1": "Summer may be searing hot, but the humidity feels great on the skin.",
	"summer_2": "In summer, the ants become very active. I could watch them for hours... they have a pretty complex civilization from the looks of it!",
	"fall_5": "The smell of fall reminds me of the smell of books... weird, isn't it?",
	"fall_1": "Fall... It makes me think of colored paper and glue. Maybe I'm spending too much time with the children.$h",
	"fall_2": "Will you grow any giant pumpkins this year?$11",
	"winter_1": "Winter's a good time to unwind a bit. You deserve it after the long year!",
	"winter_6": "The falling snow reminds me of grandma, rocking by the fire. I have this vivid memory of her shadow, flickering against the orange wood... That was long ago.",
	"winter_3": "How will we stay afloat this winter? Oh, you don't have to tell me... I trust you to make the right decisions."
}