{
	"Rainy_Day_0": "The dark... the rain... it gets me excited.$l",
	"Rainy_Day_1": "Hey, remember when we played that duet by the lake? This weather reminds me of that day.#$e#You really surprised me with that mini-harp... I never expected that. I guess that's why I like you so much.$l",
	"Rainy_Day_2": "Hey! I woke up early and did some exploring on my own. I found this and it reminded me of you. [768 767 769 66 82]#$e#Think you can find something better than that? I'm not so sure!$h",
	"Rainy_Day_3": "It might be a good day to visit the caves, huh? Just be careful out there.#$e#If you go, bring a Life Elixir or two.",
	"Rainy_Day_4": "Maybe I'll boot up Journey Of The Prairie King today... one of these days I swear I'll beat it on my own.$h",
	"patio_Abigail": "%Abigail is lost in her music.",
	"Rainy_Day_Abigail": "The countryside looks more interesting on a day like this, don't you think?",
	"Rainy_Night_0": "I was just gazing out into the rainswept woods... I swear I saw something darker than black shifting around the trees.$6",
	"Rainy_Night_1": "It's a good night to see a ghost...",
	"Rainy_Night_2": "Can you feel it? There's a stillness in the rain...",
	"Rainy_Night_3": "On nights like this, I like to turn the light down low and just listen...$8",
	"Rainy_Night_4": "I felt like making some soup for dinner. I hope it's not too disgusting. [199 218 219 727 730]$h",
	"Rainy_Night_5": "Hey! You look like you've been hard at work. Can I help you relax?^Have you been working hard? You look cute when you're a little exhausted.$h",
	"Rainy_Night_Abigail": "The sound of rain should put us right to sleep tonight.",
	"Indoor_Day_0": "I always loved this place, long before you moved in. Now I can explore the farm whenever I want!$h",
	"Indoor_Day_1": "Hey, @. Heading out into the wild? I got you something...[286 287 205 732]#$e#Use that if you get into a tough spot. It should help keep you safe.",
	"Indoor_Day_2": "Heading to the mines? Hey... if you find something tasty, remember to bring me a piece!$h",
	"Indoor_Day_3": "Hey! I'm just debating what I should do today. I'm not used to having this much freedom!",
	"Indoor_Day_4": "You don't mind if I do some re-decorating now and then, do you? I'm still excited to have a place of my own to work on.",
	"Indoor_Day_Abigail": "There's always something new happening on our farm... I love it.",
	"Indoor_Night_0": "I had a good day, today. There's always something interesting goin on around here, if you look close enough.",
	"Indoor_Night_1": "Hey! Tell me about your day. Did anything exciting happen?$h",
	"Indoor_Night_2": "I used to be a night owl, but I'm starting to enjoy the rhythm of life on the farm. It feels natural.",
	"Indoor_Night_3": "*yawn*... I'm ready to call it a night pretty soon.$h",
	"Indoor_Night_4": "The sounds of the night are louder out here. I'll never stop enjoying that.",
	"Indoor_Night_Abigail": "Are you ready for bed soon? I turned on the electric blanket for us...$l",
	"Outdoor_0": "The soft breeze is blowing mountain air throughout the valley today. It smells like fresh pine and sage.",
	"Outdoor_1": "Hmm... I think we've got plenty of space for outdoor slime ranching!",
	"Outdoor_2": "Make sure to keep things tidy around your Grandpa's shrine. There's something special about it, I can feel it.",
	"Outdoor_3": "It's pretty cool that we have a cave on our property. It's something I always dreamed about.$h",
	"Outdoor_4": "I always forget to put some snacks in my pocket. *rumble*$h",
	"Outdoor_Abigail": "I'm just going to hang out here, okay?#$e#There's a lot of interesting bugs and things out here. *chuckle*$h",
	"funLeave_Abigail": "I'm going in to town today, just so you know. I need to stretch these legs a bit.",
	"funReturn_Abigail": "Hey! Did you have a good day? Mine went well. It was refreshing to take a walk.$h",
	"OneKid_3": "I can't believe I'm a \"mom\"... life is weird.$h",
	"TwoKids_0": "I already gave %kid1 and %kid2 their chocolate cereal. They were screaming!",
	"TwoKids_2": "I had a dream that %kid2 will grow up to be a famous monster hunter. I've already been thinking about a little armor set.",
	"TwoKids_3": "A cool old house, a couple kids, and an amazing farm. I never thought I'd come this far... but, hey! Our lives are just getting started.$h",
	"Good_1": "Did you hear that? Sometimes I'm convinced this house is haunted.$u",
	"Good_2": "Welwick's horoscope predicted great things for me today. I feel really motivated!",
	"Good_3": "I can't even remember the last time I dyed my hair... I swear, it never fades from this color...",
	"Good_4": "I'm glad I owned a heavy pair of boots before moving in. It's hard to imagine tip-toeing around the mud in sneakers.$h",
	"Good_5": "I was just admiring the mermaid's pendant you gave me... I'll proudly wear this to my grave.$l",
	"Good_6": "Hey. I know you're smart, but I still worry about you sometimes. The world is full of monsters.$6#$e#Just promise me you'll be careful. I don't want to lose you.",
	"Good_7": "@? I just want to say that I appreciate all the hard work you do for us. I'm really proud of you.$l",
	"Neutral_0": "I hope you'll still like me when I'm old and shriveled. It's going to happen some day!",
	"Neutral_1": "Do you think your Grandpa would be proud of us?",
	"Neutral_6": "I wonder how the old shop is doing? I should visit my parents again soon.",
	"Neutral_7": "If you moved on to the spirit world, I'd set up a little shrine for you next to Grandpa's.",
	"Neutral_8": "No matter how much we clean, the house keeps getting dirty again.#$e#I guess farms are kind of dirty.",
	"Neutral_9": "I wonder if we'll live here our entire lives? I might get bored.",
	"Bad_7": "I used to be special to you, your best friend... now you only seem to put up with me when I make a hot dinner.$s",
	"Bad_8": "You've been so cold to me lately... What's wrong with you? You're acting like a bog spirit...$s",
	"Bad_9": "I wonder if I could've done better... I was very good friends with Sebastian before we met. He was probably the one...$s",
	"spring_1": "So, do you have any big plans for the new year?",
	"spring_12": "Hey, the egg festival is tomorrow. I'm sorry, but I won't go easy on you because we're married!$h#$e#I plan on winning that egg hunt. Go ahead and try to beat me.",
	"spring_2": "Do you have any new year's resolutions? I'm trying to lose a few pounds around the middle.$h",
	"summer_1": "I get sunburnt very easily, so I need to be careful this time of year.#$e#I hope you like me pale!$h",
	"summer_4": "Make sure you don't get a heat stroke, my love.#$e#Drink plenty of water and don't overwork yourself.",
	"summer_8": "Sorry about the smell... I was sweating all night in the heat.",
	"summer_15": "It's summer... that means the house is full of flies.#$e#Don't worry, I'll take care of them. It's fun!$h",
	"fall_6": "Ah... fall. This might be my favorite time of year. The colors really complement my hair, don't you think?",
	"fall_1": "The scent is unmistakable... mushroom, rotting leaves, pumpkin. It's fall, alright. Isn't it lovely?",
	"fall_2": "Can we grow giant pumpkins this season? Please, honey?$h",
	"fall_20": "Honey... you're worth more to me than a chest full of quartz.#$e#Now, a chest full of amethyst? Hmm... I'd have to think about that one.$h",
	"winter_3": "I actually like the cold weather. It just gives me an excuse to get cozy!$h",
	"winter_15": "It's fun to explore the valley in winter! Everything is so different under a blanket of snow. And so quiet...",
	"spring_Abigail": "I may like the colder seasons, but by the end I'm always glad to see spring arrive.",
	"summer_Abigail": "Oh man... I could go for some chocolate cake.",
	"fall_Abigail": "Do I smell pumpkin on you? Maybe I'm just dreaming...$h",
	"winter_Abigail": "Remember when we played 'Prairie King' together in my room, so long ago? Those were good times.$h",
	"spouseRoom_Abigail": "#$c .5#I got up a little before you and fed David Jr. He's very active this morning.#$e#I hope you don't mind the guinea pig smell."
}