{
	"Rainy_Day_0": "With all this space, I can really achieve a full body workout.",
	"Rainy_Day_1": "I never had many friends in town... I sometimes wonder how I'd end up if you never moved here.$9",
	"Rainy_Day_2": "Aw... I was gonna do some jogging outside. But I can't really do it in this weather.",
	"Rainy_Day_3": "*grumble*... I just woke up and I'm hungry for some protein.$9",
	"Rainy_Day_4": "I think I might start reading books. I don't want to become stagnant now that I'm a married guy!",
	"patio_Alex": "Unghh... one... Unghhh... two... It feels great to lift weights outdoors!$6",
	"Rainy_Night_0": "Hey, did you have a good day? I'm sure tomorrow will be even better.$h",
	"Rainy_Night_1": "How's it going? I've been carrying the old gridball around with me all day. A guy can pretend...$u",
	"Rainy_Night_2": "Oh... the smell? I've been eating garlic all day. I'm trying to stay manly... Sorry.$l",
	"Rainy_Night_3": "I've been setting aside a few scraps for Dusty. He deserves a treat now and then.",
	"Rainy_Night_4": "I was hungry so I made some dinner. Here, I saved you a plate. [241 242 225 214 198]$h",
	"Indoor_Day_0": "Ahh... there's nothing like a good night's sleep next to my husband!$h^Ahh... there's nothing like a good night's sleep next to my wife!$h",
	"Indoor_Day_1": "Hey, honey! I made you a hot breakfast.[195 210 211]#$e#If you want to get strong, you have to eat like you mean it!",
	"Indoor_Day_2": "Come here. *squeeze*... Mmhmm. You're firming up from all that farm work.",
	"Indoor_Day_3": "I'm still getting used to cooking and doing laundry... It's not exactly my favorite, but I knew what I was getting into when I married you.$h",
	"Indoor_Day_4": "There's a couple things around the house that I'm going to try and fix today. Don't worry about me, I'm not bored.",
	"Indoor_Night_0": "It feels good to push yourself to the limit, doesn't it? You'll really feel like you earned your place in the soft bed tonight.",
	"Indoor_Night_1": "Did you get a haircut or something? You're looking pretty good today. Maybe it's all that fresh air...$l",
	"Indoor_Night_2": "Tell me all about your day. It's good to get everything off your chest now and then.",
	"Indoor_Night_3": "Hey... I got some new shorts. I thought you might be interested to know...$l",
	"Indoor_Night_4": "If you need some quiet time to yourself, that's okay with me.",
	"Outdoor_0": "Hey. When I stand here and look out over our land... I'm really proud. You've done great work.",
	"Outdoor_1": "This is a great place to raise children. I would've loved growing up in a place like this. So much room to run around!",
	"Outdoor_2": "I like to spend as much time outside as possible. It just feels better to be out here.",
	"Outdoor_3": "Look at us, with our little farm. We make a cute couple.$h^Hey. Maybe it's the golden light, but you look beautiful today.$l",
	"Outdoor_4": "Ahh... It feels great to be outside. Gleann Dealtreul really is the most beautiful place...",
	"OneKid_0": "I'm still getting used to my new life as a stay-at-home dad.$h",
	"OneKid_1": "Little %kid1 is going to grow up strong, just like Daddy.",
	"OneKid_3": "I wonder what it's like to be pregnant...?$h",
	"TwoKids_2": "Maybe %kid2 will be the first professional gridball player from Selkirk?$h",
	"TwoKids_3": "I finally have the family life that I missed out on as a kid... thank you.$l",
	"Good_0": "@... I will always love you.$l",
	"Good_1": "You're very handsome... have I told you that?$l^You're very beautiful... have I told you that?$l",
	"Good_6": "I know you're strong, but sometimes I worry that you might get eaten by slimes... or worse. Just be careful.$9",
	"funLeave_Alex": "I'm going into town today. I'll see you tonight.",
	"funReturn_Alex": "I had a good day. I like to see my grandparents often, they're getting pretty old.",
	"spring_1": "Finally, the snow has melted and the sun is back! My body feels great.$h",
	"spring_6": "I wonder if a powder of stardrop would help me bulk up...",
	"spring_12": "Are you excited for tomorrow's festival? I guess it'll be good to load up on the free eggs.",
	"spring_23": "Oh... tomorrow's the flower dance, isn't it? I better do some extra push-ups tonight.$9#$e#Those jumpsuits are pretty tight... and everyone's going to be watching closely.",
	"summer_1": "Summer's a very energetic time of year, and body feels it too! I feel solid.",
	"summer_10": "Have you thought about what you're going to put in the luau soup?#$e#I have no idea what's good... you're the chef!$h",
	"summer_27": "Aw... summer's almost gone. My muscles are starting to deflate...$s",
	"fall_1": "Well, summer's over... but I'm going to stay positive. The warmer seasons will always return.",
	"fall_15": "Tomorrow's the fair, are we going to go?#$e#I don't care one way or another.",
	"fall_26": "I hope my grandparents are doing okay. Grandpa's too cheap to turn on the furnace until the last minute.",
	"winter_1": "Make sure you stay warm this winter. I worry about your delicate skin.",
	"winter_7": "Are you going to enter the fishing contest tomorrow? I think you can win it!",
	"winter_28": "It's been a great year, @. I'm looking forward to next year! Now, come closer... $l"
}