{
	"Introduction": "Oh, a stranger! My name's Vincent.#$b#Momma says not to talk to strangers... But you seem okay.",
	"Resort_Entering": "That was fun! I wanna be a boat captain some day!",
	"Resort_Leaving": "I wanna come back soon!",
	"Resort_Shore": "I wanna see a shark!$h",
	"Resort": "If you look close, you can see little bugs jumping out of the sand.$h",
	"reject_869": "Oooh! Nice find!#$b#Mom wouldn't let me keep him, though...$s",
	"Mon": "I wanna be just like my big brother when I grow up!$h#$e#Okay! Bye!",
	"Mon4": "$d kent#I'm glad Dad's back... but he's different than I remember...$s|Dad's not around much... I miss playing with him.$s",
	"Tue": "*sigh*... Mom won't let me have any more gummies today.$s",
	"Tue6": "Can you keep a secret, mister?^Can you keep a secret, miss?$u#$b#I wanna marry Miss Penny when I grow up.#$e#Just don't tell her, okay?$u",
	"Wed": "I wanna look for bugs, but Mom gets mad when I'm all dirty.$u#$b#It's a tough choice.",
	"Thu": "I'm hungry... where's Mom?$s",
	"Thu2": "You're not as boring as most grown-ups!",
	"Fri": "#$c .3#Ew, it's boiled beet night again...$s#$e#Oh no... Mom's making lentil soup tonight.$s",
	"Sat_1": "Dad's coming back soon!#$b#I hope he brings me some toys.$u",
	"Sat": "Miss Penny makes me read a new book every week.$s#$b#At least she lets me pick them, sometimes!",
	"Sat8": "$d kent#Dad seems weird since he came back. I wonder what happened to him?$s#$b#He doesn't play with me anymore.$s|I wonder if Dad will ever come home...$s",
	"Sun": "Hi there, mister!^Hi there, miss.",
	"Sun10": "Hi Uncle @!^Hi Auntie @!#$e#Don't tell Mom... but you're my favorite grown-up.$h"
}