{
	"504": "Sneakers/A little flimsy... but fashionable!/50/1/0/0",
	"505": "Rubber Boots/Protection from the elements./50/0/1/1",
	"506": "Leather Boots/The leather is very supple./50/1/1/2",
	"507": "Work Boots/Steel-toed for extra protection./50/2/0/3",
	"508": "Combat Boots/Reinforced with iron mesh./150/3/0/4",
	"509": "Tundra Boots/The fuzzy lining keeps your ankles so warm./150/2/1/5",
	"510": "Thermal Boots/Designed with extreme weather in mind./50/1/2/6",
	"511": "Dark Boots/Made from thick black leather./250/4/2/7",
	"512": "Firewalker Boots/It's said these can withstand the hottest magma./250/3/3/8",
	"513": "Genie Shoes/A curious energy permeates the fabric./250/1/6/9",
	"514": "Space Boots/An iridium weave gives them a purple sheen./450/4/4/10",
	"515": "Cowboy Boots/It's the height of country fashion./250/2/2/11",
	"804": "Emily's Magic Boots/Made with love by Emily. 100% compostable!/250/4/4/13",
	"806": "Leprechaun Shoes/The buckle's made of solid gold./250/2/1/14",
	"853": "Cinderclown Shoes/These magic shoes belonged to a famous Dwarvish jester./1000/6/5/15",
	"854": "Mermaid Boots/Mermaid scales gives these boots a protective aura./1000/5/8/16",
	"855": "Dragonscale Boots/These shimmering boots are extremely tough./1000/7/0/17",
	"878": "Crystal Shoes/These sparkling shoes will keep your feet very safe./1000/3/5/18"
}