{
	"LostItemQuest_DefaultThankYou": "You found it! Thank you.",
	"NewChild_SecondChild1": "Just look at our little family... We've come a long way, haven't we?",
	"NewChild_SecondChild2": "Two beautiful children... We've come a long way, haven't we?",
	"NewChild_Adoption": "It's so wonderful to welcome little {0} into our life.",
	"NewChild_FirstChild": "Everything went well, and now little {0} is part of the family. We're very fortunate.",
	"Spouse_KitchenBlocked": "You've got a bunch of your stuff blocking the kitchen... I guess you're not getting dinner tonight.$a",
	"Spouse_MonstersInHouse": "Um... Honey? Why are there monsters in the house?",
	"Farm_RobinWorking_ReadyTomorrow": "Your new {0} will be finished tomorrow! Are you excited?",
	"Farm_RobinWorking1": "Your new {0} will be ready in {1} days. Just pretend I'm not here.",
	"Farm_RobinWorking2": "Your new {0} will be ready in {1} days. I'm going to be working on this thing day and night!",
	"AnimalShop_Marnie_Trash": "Why are you looking through my trash can?$s",
	"JoshHouse_Alex_Trash": "Uh.. What are you doing?$s",
	"SamHouse_Sam_Trash": "Hey, don't look in there!$a",
	"SeedShop_Abigail_Drawers": "Hey, don't even think about it! That's private!$a",
	"Wizard_Hatch": "What are you doing? I only allow those I trust to enter there.  ",
	"Clint_NoInventorySpace": "Hey. Your tool is ready but you don't have any room in your inventory.",
	"Clint_StillWorking": "Um, I'm still working on your {0}. It won't be ready today.",
	"Gunther_MuseumComplete": "The museum looks amazing! Thanks again for all your help.",
	"Gunther_NothingToDonate": "It doesn't seem like you have anything to donate to the museum. Better get out there and do some treasure hunting, huh?",
	"Gunther_NoArtifactsFound": "Hello there! Welcome to the Gleann Dealtreul Archaeological Office.#$b#Uh... This is embarrassing, but the previous curator made off with the entire collection. We don't have any artifacts for display.#$b#But I'm hoping to remedy that soon! Hey, if you find any artifacts or minerals out there... would you let me know?",
	"Sandy_PlayerClubMember": "What happened? You're a club member?!",
	"MisterQi_PlayerClubMember": "It's good to finally meet ya, kid. Welcome to my exclusive clubhouse.#$e#You've got the 'spark'... that's why I singled you out.#$e#What spark? Ah... The conduit of mystery, of art...#$b#People like us have a responsiblity to keep the world alive, to give folks a taste of the extraordinary.#$e#You see, kid... The world's like a bowl of rice. It's got substance, but it ain't worth nothin' without a good, zesty sauce. That's where we come in.#$b#Didn't you ever wonder who put those treasure chests in the old mineshaft? I like to give people surprises.#$e#You'll understand someday. Just keep doing your best and never give up.",
	"Robin_HouseUpgrade_Accepted": "Thank you! I'll get started tomorrow. I should be finished in around three days.",
	"Robin_PamUpgrade_Accepted": "That's so generous of you! I'll start working on the upgrade tomorrow. It should take around three days.",
	"Mines_PlayerKilled_Robin": "...I found you unconscious in the mines. I almost mistook you for a piece of exotic wood!#$b#Be a little more careful next time, okay?$s",
	"Mines_PlayerKilled_Clint": "...I found you unconscious in the mines. I think I blew my back out, dragging you all the way up here.#$b#Be a little more careful next time, okay?$s",
	"Mines_PlayerKilled_Maru_Spouse": "...I found you unconscious in the mines. You were gone so long I started to get worried about you!#$b#Be a little more careful next time, okay?$s",
	"Mines_PlayerKilled_Maru_NotSpouse": "...I found you unconscious in the mines. I was hunting for minerals and I almost stepped on your head!#$b#Be a little more careful next time, okay?$s",
	"Mines_PlayerKilled_Linus": "...I found you unconscious in the mines. You're lucky I happened to pass by!#$b#Be a little more careful next time, okay?$s",
	"Mines_PlayerKilled_Spouse_PlayerMale": "You were gone so long I started to get worried about you! I started crying when I saw your limp body...$s",
	"Mines_PlayerKilled_Spouse_PlayerFemale": "You were gone so long I started to get worried about you! I almost had a heart attack when I saw your limp body...$a",
	"Morris_PlayerSignedUp": "Excellent! Welcome to Joja Corporation! Come back tomorrow and we can see about getting started on some community development projects... Oh, and don't forget your wallet! Hehe.#$b#Now, let me call Mayor Lewis and see about gutting that nasty old community center...",
	"Morris_ComeBackLater": "Come back tomorrow and we can see about getting some community improvements started... Just make sure to bring a lot of money. Hehe.",
	"Morris_Greeting": "Welcome to JojaMart! How are you doing today?#$b#I don't believe we've met. I'm Morris, Joja Customer Satisfaction Representative.#$b#When you decide you want to become a Joja Member, I'll be delighted to help make your transition a joyous experience.",
	"Morris_WeekendGreeting": "Welcome to JojaMart! How is your weekend going?#$b#We're currently in the process of setting up a brand-new membership system for our customers. Please check back soon to join!",
	"Morris_FirstGreeting": "Welcome to JojaMart! How are you doing today?#$b#We're currently in the process of setting up a brand-new membership system for our customers. Please check back soon to join!",
	"Morris_FirstGreeting_CommunityCenterComplete": "Welcome to JojaMart! How are you doing today?#$b#Unfortunately, due to unforeseen circumstances our Joja Membership offer is not currently available. I'm certain it will get sorted out soon!",
	"Morris_WeekendGreeting_CommunityCenterComplete": "Welcome to JojaMart! How is your weekend going?#$b#Unfortunately, due to unforeseen circumstances our Joja Membership offer is not currently available. I'm certain it will get sorted out soon!",
	"Morris_WeekendGreeting_MembershipAvailable": "Welcome to JojaMart! How is your weekend going?#$b#Membership is now available! With a Joja Membership, you'll be able to make improvements in the community with the help of our dedicated personnel... for a fee, of course.#$b#Oh, and another thing... Mayor Lewis promised us that if anyone else joined up, he'd let us turn that old community center into a Joja Warehouse. Isn't that wonderful?#$q -1 -1#Membership costs {0}òg. Well, would you like to join us?#$r -1 -1 Yes#Yes.#$r -1 -1 No#No.",
	"Morris_FirstGreeting_MembershipAvailable": "Welcome to JojaMart! How are you doing today?#$b#Membership is now available! With a Joja Membership, you'll be able to make improvements in the community with the help of our dedicated personnel... for a fee, of course.#$b#Oh, and another thing... Mayor Lewis promised us that if anyone else joined up, he'd let us turn that old community center into a Joja Warehouse. Isn't that wonderful?#$q -1 -1#Membership costs {0}òg. Well, would you like to join us?#$r -1 -1 Yes#Yes.#$r -1 -1 No#No.",
	"Morris_WeekendGreeting_SecondPlayer": "Welcome to JojaMart! How is your weekend going?#$b#Hmm... Our records show that you live on a farm with some other folks... I'm sorry, but we can only sell a membership to the owner of your residence.",
	"Morris_FirstGreeting_SecondPlayer": "Welcome to JojaMart! How are you doing today?#$b#Hmm... Our records show that you live on a farm with some other folks... I'm sorry, but we can only sell a membership to the owner of your residence.",
	"Morris_StillProcessingOrder": "We're currently processing your last Community Development order. Please come back after the work is complete.",
	"Morris_CommunityDevelopmentForm_PlayerMale": "$q -1 -1#I've got the Joja Community Development Form right here for you, sir. Care to take a look?#$r -1 -1 Yes#Yes#$r -1 -1 No#No",
	"Morris_CommunityDevelopmentForm_PlayerFemale": "$q -1 -1#I've got the Joja Community Development Form right here for you, miss. Care to take a look?#$r -1 -1 Yes#Yes#$r -1 -1 No#No",
	"PurchasedItem_1_QualityHigh": "Hey, {0}.#$b# So I stopped by Pierre's the other day and bought {1} {2}. It was the first time I've seen one of those there in a while... #$b#I cooked it up for dinner last night... It filled the house with a {3} smell.. It was a hit!$h#$b#I'm glad Pierre's stock is starting to expand again.#$e# Anyways...",
	"PurchasedItem_1_QualityLow": "Hey, {0}.#$b# So I stopped by Pierre's the other day and bought {1} {2}. It was the first time I've seen one of those there in a while... #$b#I cooked it up for dinner last night... It filled the house with a {3} odor. I don't even want to know where Pierre found that thing.$s#$e# Anyways...",
	"PurchasedItem_2_QualityHigh": "Hi... did you sell {1} {2} to the general store the other day? I think I bought it...#$e#It was pretty high-quality stuff. I'm impressed.",
	"PurchasedItem_2_QualityHigh_Jodi": "Hi... did you sell {1} {2} to the general store the other day? I think I bought it...#$e#It was pretty high-quality stuff. As soon as I smelled it I was back in Granny's old cottage...",
	"PurchasedItem_2_QualityLow": "Hi... did you sell {1} {2} to the general store the other day? I think I bought it...#$e#The quality was decent.",
	"PurchasedItem_3_QualityLow_Rude": "I went shopping last night and picked up {1} {2} on sale for only {3}g.#$e# It was {4}! No wonder Pierre was selling that {5} for so cheap...",
	"PurchasedItem_3_QualityHigh_Rude": "I went shopping last night and picked up {1} {2} on sale for only{3}g.#$e# It was actually pretty {4}.",
	"PurchasedItem_3_NonRude": "I went shopping last night and picked up {1} {2} on sale for only {3}g.#$e# I couldn't pass up that great price.",
	"PurchasedItem_4": "So I was at the store the other day and Pierre showed me {1} {2} you brought in.#$e#I bought it.$h",
	"PurchasedItem_5_VegetableOrFruit": "I bought the tastiest {2} from Pierre's shop the other day. #$b#He said that he grew the thing in his own backyard. I didn't know Pierre was such a talented farmer!$h#$b#Looks like you might have some competition, huh?",
	"PurchasedItem_5_Cooking": "I bought the tastiest {2} from Pierre's shop the other day. #$b#He said he cooked the thing himself using local ingredients. I didn't know Pierre was such {3} {4} chef!",
	"PurchasedItem_5_Foraged": "I bought the tastiest {2} from Pierre's shop the other day. He said he found it himself while exploring the mountains. I didn't know Pierre was such a talented forager!",
	"PurchasedItem_Teen": "Hey, so I picked up {2} at the store last night. My mom wanted something good for dinner.",
	"PurchasedItem_Abigail_QualityLow": "Hey. We had one of those {2}s you sold at the shop for dinner last night... I guess it was starting to go bad and my Dad couldn't bear to throw it out.$h#$b#Unfortunately it tasted like {3}.$s",
	"PurchasedItem_Abigail_QualityHigh": "Hey. We had one of those {2}s you sold at the shop for dinner last night... I guess it was starting to go bad and my Dad couldn't bear to throw it out.$h#$b#It was still pretty good, though.",
	"PurchasedItem_Caroline_QualityLow": "Oh, @... This is embarrassing. I threw one of your {2}s you sold us into my compost bin.$s#$b#Now the whole thing smells horrendous. Where did you find that thing again?",
	"PurchasedItem_Caroline_QualityHigh": "Oh, @... This is embarrassing. I threw one of your {2}s you sold us into my compost bin.$s#$b#But on the bright side, the worms are really loving it! They've never looked happier!",
	"PurchasedItem_Pierre_QualityLow": "Hey, remember that {2} you sold me the other day? I ended up serving it to the family for a special dinner.#$b#I can't say it was a hit... $s#$b#... well,... back to business, huh?",
	"PurchasedItem_Pierre_QualityHigh": "Hey, remember that {2} you sold me the other day? I ended up serving it to the family for a special dinner.#$b#My wife loved it! ...And Abby even started going to town on it after I smothered the thing in hoisin sauce. $h#$b#... well,... back to business, huh?",
	"PurchasedItem_Haley": "Emily tried to serve me {1} {2} for dinner last night... I threw it away when she wasn't looking.#$e#I don't like health food...$s",
	"PurchasedItem_Elliott": "I saw that Pierre had fresh {2} in the shop the other day! Marvelous. It smelled just perfect... and firm, too!",
	"PurchasedItem_Alex": "Hey, so I picked up {1} {2} at the store last night. Grandma made her special casserole...",
	"PurchasedItem_Leah": "The other day I bought {1} {2} at Pierre's. It was perfect on a bed of greens and a dash of my 'special' vinaigrette.",
	"PurchasedItem_1_QualityHigh_Willy": "Hey, {0}.#$b# So I stopped by Willy's the other day and bought {1} {2}. I've never seen one so fresh! #$b#So I cooked it up for dinner last night, and it filled the house with a {3} smell.. It was a hit!$h#$b#He told me you caught it yourself... I'm impressed!#$e# Anyways...",
	"PurchasedItem_1_QualityLow_Willy": "Hey, {0}.#$b# So I stopped by Willy's the other day and bought {1} {2}. He said you caught it yourself! #$b#I cooked it up for dinner last night... and, uh... It filled the house with a {3} odor. I don't even want to know where you found that thing...$s#$e#Anyways...",
	"PurchasedItem_2_QualityHigh_Willy": "Hi... did you sell {1} {2} to the fish shop the other day? I think I bought it...#$e#It was pretty high-quality stuff. I'm impressed.",
	"PurchasedItem_2_QualityHigh_Jodi_Willy": "Hi... did you sell {1} {2} to the fish shop the other day? I think I bought it...#$e#It was pretty high-quality stuff. Very firm meat.",
	"PurchasedItem_2_QualityLow_Willy": "Hi... did you sell {1} {2} to the general store the other day? I think I bought it...#$e#It smelled kind of fishy, but it was alright.",
	"PurchasedItem_3_QualityLow_Rude_Willy": "I went shopping last night and picked up {1} {2} on a 'chum-bucket' sale for only {3}g.#$e# It was {4}! No wonder Willy was practically giving that {5} away...",
	"PurchasedItem_3_QualityHigh_Rude_Willy": "I went shopping last night and picked up {1} {2} on sale for only{3}g.#$e# It was actually pretty {4}.",
	"PurchasedItem_3_NonRude_Willy": "I went shopping last night and picked up {1} {2} on sale for only {3}g.#$e# I couldn't pass up that great price.",
	"PurchasedItem_4_Willy": "So I was at Willy's other day and he showed me {1} {2} you brought in.#$e#I cooked it up for dinner with some lemon and a side of rice pilaf. Pretty good!$h",
	"PurchasedItem_Pierre_QualityLow_Willy": "Ahoy... you know that {2} you sold me the other day? Well, I sizzled it up in me cabin last night...#$b#T'was the mealiest fish I've ever set me gums on...$s",
	"PurchasedItem_Pierre_QualityHigh_Willy": "Ahoy! Remember that {2} you brought in the other day? Well, I sizzled it up in me cabin last night...#$b#T'was the finest fish I've had since I was a wee lad!$h",
	"Town_DumpsterDiveComment_Child": "Eww... What are you doing?$s",
	"Town_DumpsterDiveComment_Linus": "Find anything good?$h",
	"Town_DumpsterDiveComment_Teen": "Um... Why are you digging in the trash?$s",
	"Town_DumpsterDiveComment_Adult": "Hey, Stop that! ...Yuck!$s",
	"SkullCavern_100_event": "clubloop/-100 -100/farmer 6 6 2 MrQi 10 7 0/specificTemporarySprite qiCave/removeQuest 30/viewport 10 7 true/pause 3500/speak MrQi \"Well, well, well... you made it.\"/pause 500/playSound boop/faceDirection MrQi 3 true/pause 50/faceDirection MrQi 2/pause 100/playSound boop/animate MrQi false false 100 0 1 2 3 3 3 2 1 0/pause 1500/speak MrQi \"Come closer, now... don't be shy.\"/emote farmer 40/playSound boop/pause 500/move farmer 0 4 1/move farmer 4 0 0/pause 500/stopJittering/speak MrQi \"I heard you were attempting a deep dive into these caverns today...#$b#I had to see for myself!\"/animate MrQi false false 100 0 1 2 3 3 3 2 1 2 3 3 3 2 1 0/pause 1000/playSound boop/pause 1000/speak MrQi \"Impressive... very impressive. Making it all the way down here is quite a feat!#$b#...although you did skip a bunch of levels by crafting staircases. Clever, sure... but not very honorable.$1#$b#Even so, it must have been a lot of work to mine all that stone. And that sort of dedication is praiseworthy. You're a rare one, kid.\"/pause 500/speak MrQi \"Now... go over to the table and drink this special milk I've prepared for you.\"/pause 500/move farmer 3 0 0/move farmer 0 -1 0/emote farmer 8/speak MrQi \"It's called 'Iridium Snake Milk'... one healthy swig of that and you'll become even more powerful.\"/pause 1000/faceDirection farmer 2 true/specificTemporarySprite removeSprite 803/farmerEat 803/awardFestivalPrize qimilk/pause 2000/message \"The taste is awful, and the texture is even worse.\"/pause 100/pause 500/jump farmer/playSound reward/message \"... But your health is permanently increased by 25!\"/pause 1000/fade/viewport -1000 -1000/pause 500/playSound boop/speak MrQi \"Good luck out there, kid.\"/pause 500/playSound boop/end",
	"SkullCavern_100_event_honorable": "clubloop/-100 -100/farmer 6 6 2 MrQi 10 7 0/specificTemporarySprite qiCave/removeQuest 30/viewport 10 7 true/pause 3500/speak MrQi \"Well, well, well... you made it.\"/pause 500/playSound boop/faceDirection MrQi 3 true/pause 50/faceDirection MrQi 2/pause 100/playSound boop/animate MrQi false false 100 0 1 2 3 3 3 2 1 0/pause 1500/speak MrQi \"Come closer, now... don't be shy.\"/emote farmer 40/playSound boop/pause 500/move farmer 0 4 1/move farmer 4 0 0/pause 500/stopJittering/speak MrQi \"I heard you were attempting a deep dive into these caverns today...#$b#I had to see for myself!\"/animate MrQi false false 100 0 1 2 3 3 3 2 1 2 3 3 3 2 1 0/pause 1000/playSound boop/pause 1000/speak MrQi \"Impressive... very impressive. You passed my test with flying colors, kid.#$b#I'm very pleased that you challenged yourself and came down the honorable way, instead of skipping all the levels by crafting staircases.#$b#That shows you're the real deal, kid. You've got principles.#$b#You understand the importance of challenging yourself, and holding yourself to the highest standard, even if no one is watching.#$b#That's why you're special, kid... see? You lead by example. I like that.\"/pause 500/speak MrQi \"Now... go over to the table and drink this special milk I've prepared for you.\"/pause 500/move farmer 3 0 0/move farmer 0 -1 0/emote farmer 8/speak MrQi \"It's called 'Iridium Snake Milk'... one healthy swig of that and you'll become even more powerful.\"/pause 1000/faceDirection farmer 2 true/specificTemporarySprite removeSprite 803/farmerEat 803/awardFestivalPrize qimilk/pause 2000/message \"The taste is awful, and the texture is even worse.\"/pause 100/pause 500/jump farmer/playSound reward/message \"... But your health is permanently increased by 25!\"/pause 1000/fade/viewport -1000 -1000/pause 500/playSound boop/speak MrQi \"Good luck out there, kid.\"/pause 500/playSound boop/end",
	"Robin_UpgradeConstruction_Festival": "Okay, I'll start working on your {1} upgrade the day after tomorrow. I always take festivals off.$h",
	"Robin_UpgradeConstruction": "Okay, I'll start working on your {1} upgrade first thing tomorrow morning!$h",
	"Robin_NewConstruction_Festival": "Okay, I'll start working on your new {0} the day after tomorrow. I always take festivals off.$h",
	"Robin_NewConstruction": "Okay, I'll start working on your new {0} first thing tomorrow morning!$h",
	"Robin_Instant": "This {0} is pre-fabricated, so there's no construction time! Convenient, isn't it?$h",
	"Morris_JojaCDConfirm": "Excellent! We'll get our workers on it tonight. It should be ready for you by tomorrow.",
	"Morris_BuyMovieTheater": "Ah, our favorite customer... I have exciting news for you! Joja headquarters has approved the construction of a new Joja 'entertainment opportunity' to replace the nearby Joja Warehouse. We just need an investor willing to support our vision! So, naturally, I turn to you... our most devoted and generous Joja member.#$b#$q -1 -1#We could make this happen for a small investment of... *cough*... 500,000g...$h#$r -1 -1 Yes#Yes#$r -1 -1 No#No",
	"Morris_TheaterBought": "Half a mil...!$2#$b#*Ahem*... I mean... Excellent! Our Joja Construction Team will begin work on the new building tonight! Thank you for supporting our work.",
	"Morris_NoMoreCD": "Ah! My favorite customer... Unfortunately I have no more community development projects available at the moment.",
	"Island_willy_rescue": "Are you okay? I found you washed up on the shore, lad.$s^Are you okay? I found you washed up on the shore, miss.$s#$b#You really had me worried... I thought you were a goner! Be a little more careful out there...$s#$b#The island can be a dangerous place.",
	"Island_leo_rescue": "It seems like you're going to live.$u#$b#My bird-friends spotted you and told me you were in danger, so I dragged you all the way down here.$s#$b#Please be safe out there. I don't want to be sad anymore...$s",
	"Birdie0": "I never thought I'd see a new face on this island, dear. But I'm glad you're here!",
	"Birdie1": "It's rumored that long ago, a great civilization of dwarves lived on this very island.#$e#Have you been inside the volcano? It's filled with the ruins of their strange machines...",
	"Birdie2": "If you're ever feeling queasy in the stomach, a bite of ginger does wonders, dear...",
	"Birdie3": "Have you been to the secret shrine in the jungle? The flowers there smell lovely... It's one of my favorite spots on the island.$h",
	"Birdie4": "Every morning for breakfast, I have a bowl of poi and a glass of freshly squeezed mango juice. It keeps me young!",
	"Birdie5": "I walk the beach every day to see if anything new has washed ashore. There's a lot floating around out there!",
	"Birdie6": "My hut may be small, but it's more than enough for what I need. And best of all, I built it myself.",
	"Birdie12": "*sigh*... To live in a world of endless potential, we can never know if we've made the right choices.$s#$b#Sorry to trouble you, my dear. I sometimes get carried away by thoughts...",
	"Birdie15": "Fruit, fish, and foraged food... It's a good diet! I feel as healthy as ever.",
	"Birdie17": "The weather is warm and lovely year round, my dear... it feels perfect for me bones...",
	"Birdie19": "Have you seen the little banana altar in the jungle? If I had a banana I'd set it there and see what happens... heh heh...$h",
	"Birdie22": "Hello, dear... you look healthy and in good spirits today!$h",
	"Birdie23": "I've been here so long, I can't even hear the ocean anymore...",
	"Birdie28": "It's a full moon, tonight... Whether your fortune be good or bad, be on the alert, my dear... The spirits are restless.",
	"Birdie_NoGift": "Oh, no no no... I don't need any gifts, my dear. You keep it.",
	"ProfessorSnail_Hint_828": "My research suggests that a species of frog once lived on this island. They would've inhabited a dark, damp area, with lots of vegetation...",
	"ProfessorSnail_Hint_827": "Long ago, a rare species of cave-bat made their home here. The evidence suggests they were adapted to tolerate intense heat. Interesting, huh?",
	"ProfessorSnail_Hint_826": "Hmm... My nose is telling me that snake spines might be found in the western region of the island.",
	"ProfessorSnail_Hint_825": "If you see something wiggling in the dirt, make sure to excavate it. You never know what might be under there!",
	"ProfessorSnail_Hint_824": "Before I got stuck in that cave, I was exploring the little gully nearby. The stones there are full of fossils! If I were you, I'd be breaking them open to look for bones.",
	"ProfessorSnail_Hint_822": "You know, I bet if you did some panning, you could find some interesting stuff in the nearby river.",
	"ProfessorSnail_Hint_821": "You know, there's some great fishing on this island. From what I know, many of the fish enjoy nibbling on ancient bones...",
	"ProfessorSnail_Hint_820": "Have you found any golden coconuts on the island? It's rumored that many interesting things can be found inside of them...",
	"SummitEvent_Intro_Lewis": "Wow... Look at that view.",
	"SummitEvent_Dialogue1_Lewis": "You know, @... I've been mayor of Selkirk for a long time.#$b#People have come and gone. We've lived through times of hardship, and times of plenty.",
	"SummitEvent_Dialogue2_Lewis": "But I have to say, in all the years I've been mayor, nothing has made me so proud as seeing %farm Farm blossom under your care.$h#$b#You've taken the farm beyond the wildest dreams of your Grandfather.#$b#And in the process, you've changed the valley forever.",
	"SummitEvent_Outro_Lewis": "You might not realize it, but I care a lot about this town, @.#$b#%year years ago, I was deeply worried about the future of the valley.$s#$b#But now, I feel completely at ease.#$b#Who knew a humble farmer moving to town would change everything?$h#$b#...Thank you.",
	"SummitEvent_Intro_Morris": "Ah, @... My favorite Joja member.",
	"SummitEvent_Dialogue1_Morris": "You know, when I was first assigned to this location over %year years ago, I considered it a step back in my career.#$b#What self-respecting Joja Manager would want to preside over a tiny, backwater location like Selkirk?$h",
	"SummitEvent_Dialogue2_Morris": "But I have to say, this valley has really grown on me, over the years.#$b#Working here has opened my eyes to a different way of life. It's hard to say this, but... It's been... a humbling experience.",
	"SummitEvent_Outro_Morris": "I just want to say, @... I appreciate all the hard work you've done for Joja Co.#$b#Our strength comes from our members, and you've shown exemplary drive and ingenuity. It makes me proud to work for the company.$h",
	"SummitEvent_Intro_Spouse": "Hey, @.",
	"SummitEvent_Intro2_Spouse": "It's so beautiful up here...",
	"SummitEvent_Intro2_Spouse_Gruff": "Great view, huh?",
	"SummitEvent_Dialogue1_Spouse": "I was just thinking about the last %year years...\"/pause 1000/speak spouse \"We've been through a lot together, haven't we?$h",
	"SummitEvent_Dialogue2_Spouse": "...But look how far we've come.",
	"SummitEvent_Dialogue3_Alex": "I've finally discovered who I want to be... and I feel certain about the future.\"/pause 500/speak Alex \"I don't think I would've gotten here without you, @.",
	"SummitEvent_Dialogue3_Sebastian": "Before I met you, I spent most of my time turned away from reality... because I thought I'd never find happiness.#$b#...but you've shown me that the world isn't such a dark place, after all.$h\"/faceDirection Sebastian 3/pause 500/speak Sebastian \"...That's one of the reasons I love you...",
	"SummitEvent_Dialogue3_Sam": "I feel like I've changed a lot from when we first met... you know?#$b#...you might call it 'maturity'... hehe.$10#$b#But I'm at a place, now, where I'm actually really excited about our future together...$l#$b#Even if that means just doing normal stuff, like... uh... buying groceries and changing diapers... hah...$10",
	"SummitEvent_Dialogue3_Shane": "If I hadn't met you, @... I might not even be here right now.#$b#Which would be a shame, because the bird-watching up here is phenomenal!$h\"/emote farmer 16/pause 1000/speak Shane \"Heh... I... I tend to joke a lot, because...well...$s#$b#I guess keeping things light-hearted makes it so I don't have to open up and make myself vulnerable.\"/emote Shane 28/speak Shane \"But every season that goes by, with you, I get a little more comfortable with myself.#$b#Uh.. I guess what I want to say is...#$b#I have no regrets marrying you!$h",
	"SummitEvent_Dialogue3_Elliott": "Heh... it just dawned on me...$h#$b#We've reached the summit, but not just physically... metaphorically as well.#$b#How poetic!$l",
	"SummitEvent_Dialogue3_Harvey": "When I'm next to you, I'm not even scared of falling off this cliff and dashing onto the sharp rocks below...$l\"/jump Harvey/shake Harvey 1000/pause 1000/speak Harvey \"...$8#$b#I... I love and admire you very much, @...$l",
	"SummitEvent_Dialogue3_Abigail": "Standing here, looking out on the horizon... I get a feeling of endless possibility.#$b#I'm just happy I get to explore this world, with you by my side...$l",
	"SummitEvent_Dialogue3_Emily": "This is a special moment...#$b#I've always known I would be standing here with you, someday. I've always felt it in my heart.#$b#Now, it's all come true.\"/pause 500/speak Emily \"The world is a mysterious and special place...$l",
	"SummitEvent_Dialogue3_Haley": "*giggle*... $h\"/faceDirection farmer 1 true/emote farmer 8/pause 1000/speak Haley \"Oh, it's just that...#$b#As a little girl, I always dreamed that one day, I would climb to the summit with my true love, and share a kiss.$l",
	"SummitEvent_Dialogue3_Leah": "I think we've both found what we were looking for in this place.#$b#I wouldn't want to be anywhere else, but here with you.$l",
	"SummitEvent_Dialogue3_Penny": "We have a beautiful home and a thriving family... it's all I've ever dreamed of, and more.$l",
	"SummitEvent_Dialogue3_Maru": "You've really accomplished a lot since you moved here, @. It's incredible.\"/pause 300/faceDirection Maru 3/pause 400/speak Maru \"I think it's safe to say that you were meant to be a farmer!$h",
	"SummitEvent_closingmessage": "It's been a long road...",
	"SummitEvent_closingmessage2": "You challenged yourself to reach the summit",
	"SummitEvent_closingmessage3": "What an accomplishment!",
	"SummitEvent_closingmessage4": "We've been watching every step of the way",
	"SummitEvent_closingmessage5": "And you've made us very proud!"
}