{
  "spring_movie_0": {
    "ID": null,
    "SheetIndex": 0,
    "Title": "The Brave Little Sapling",
    "Description": "An animated family comedy about a little sprout on a magical adventure to become a tree!",
    "Tags": [
      "family",
      "comedy"
    ],
    "Scenes": [
      {
        "Image": 0,
        "Music": "sweet",
        "Sound": "",
        "MessageDelay": 1000,
        "Script": "",
        "Text": "The Brave Little Sapling",
        "Shake": false,
        "ResponsePoint": null,
        "ID": "spring0_0"
      },
      {
        "Image": 1,
        "Music": "",
        "Sound": "",
        "MessageDelay": 500,
        "Script": "",
        "Text": "The brave little sapling is leaving his home. He hesitates for a moment and turns around, knowing he won't be back for a long time...",
        "Shake": false,
        "ResponsePoint": null,
        "ID": "spring0_1"
      },
      {
        "Image": 6,
        "Music": "",
        "Sound": "",
        "MessageDelay": 500,
        "Script": "/playSound dustMeep/pause 200/playSound dustMeep/pause 300/playSound dustMeep/pause 100/playSound dustMeep/pause 200/playSound dustMeep",
        "Text": "The other saplings of his grove are gathered at the edge of town, excitedly waving their twigs goodbye...!",
        "Shake": false,
        "ResponsePoint": "sprout_leave",
        "ID": "spring0_2"
      },
      {
        "Image": 2,
        "Music": "rain",
        "Sound": "",
        "MessageDelay": 500,
        "Script": "",
        "Text": "Oh no! Out of nowhere, it starts raining...! The little sapling goes into a sprint as thunderclouds loom overhead...",
        "Shake": false,
        "ResponsePoint": "",
        "ID": "spring0_3"
      },
      {
        "Image": 3,
        "Music": "",
        "Sound": "thunder",
        "MessageDelay": 1000,
        "Script": "",
        "Text": "Fearing for his life, and demoralized by the relentless downpour, the brave little sapling begins to lose hope...",
        "Shake": false,
        "ResponsePoint": "",
        "ID": "spring0_4"
      },
      {
        "Image": 4,
        "Music": "echos",
        "Sound": "",
        "MessageDelay": 500,
        "Script": "",
        "Text": "...But what's this...? The sapling feels a tingling on the top of his head... ",
        "Shake": false,
        "ResponsePoint": null,
        "ID": "spring0_5"
      },
      {
        "Image": 5,
        "Music": "",
        "Sound": "",
        "MessageDelay": 500,
        "Script": "/playSound coin/pause 1000/message \"Perhaps a little rain was what it needed to begin its journey into becoming a tree!\"",
        "Text": "",
        "Shake": false,
        "ResponsePoint": "",
        "ID": "spring0_6"
      },
      {
        "Image": 7,
        "Music": "",
        "Sound": "",
        "MessageDelay": 2000,
        "Script": "",
        "Text": "Farewell, little buddy!",
        "Shake": false,
        "ResponsePoint": null,
        "ID": "spring0_7"
      }
    ]
  },
  "fall_movie_0": {
    "ID": null,
    "SheetIndex": 1,
    "Title": "Mysterium",
    "Description": "Peer behind the midnight veil... You must experience to believe!",
    "Tags": [
      "horror",
      "art"
    ],
    "Scenes": [
      {
        "Image": 0,
        "Music": "Lava_Ambient",
        "Sound": "",
        "MessageDelay": 500,
        "Script": "/pause 4000",
        "Text": "'Mysterium'",
        "Shake": false,
        "ResponsePoint": null,
        "ID": "fall0_0"
      },
      {
        "Image": 1,
        "Music": "",
        "Sound": "",
        "MessageDelay": 500,
        "Script": "/pause 1500",
        "Text": "A faint silhouette in the dark...",
        "Shake": false,
        "ResponsePoint": null,
        "ID": "fall0_1"
      },
      {
        "Image": -1,
        "Music": "",
        "Sound": "",
        "MessageDelay": 500,
        "Script": "/specificTemporarySprite movieFrame 1 2 1000/playSound batScreech",
        "Text": "",
        "Shake": false,
        "ResponsePoint": "",
        "ID": "fall0_2"
      },
      {
        "Image": 1,
        "Music": "",
        "Sound": "",
        "MessageDelay": 500,
        "Script": "",
        "Text": "",
        "Shake": false,
        "ResponsePoint": null,
        "ID": "fall0_3"
      },
      {
        "Image": 3,
        "Music": "",
        "Sound": "",
        "MessageDelay": 500,
        "Script": "",
        "Text": "The desolate, unknown void of space... where untold horrors await.",
        "Shake": false,
        "ResponsePoint": null,
        "ID": "fall0_4"
      },
      {
        "Image": 3,
        "Music": "",
        "Sound": "",
        "MessageDelay": 500,
        "Script": "/specificTemporarySprite movieFrame 1 4 400/playSound serpentHit/pause 2000/specificTemporarySprite movieFrame 1 4 150/playSound shadowHit/pause 300/specificTemporarySprite movieFrame 1 4 400/playSound serpentDie",
        "Text": "",
        "Shake": false,
        "ResponsePoint": "",
        "ID": "fall0_5"
      },
      {
        "Image": -1,
        "Music": "spring_night_ambient",
        "Sound": "",
        "MessageDelay": 500,
        "Script": "/specificTemporarySprite movieFrame 7 7 80/pause 50/specificTemporarySprite movieFrame 7 8 80/pause 50/specificTemporarySprite movieFrame 7 9 80/pause 50/specificTemporarySprite movieFrame 7 7 80/pause 50/specificTemporarySprite movieFrame 7 8 80/pause 50/specificTemporarySprite movieFrame 7 9 80/pause 50/specificTemporarySprite movieFrame 7 7 80/pause 50/specificTemporarySprite movieFrame 7 8 80/pause 50/specificTemporarySprite movieFrame 7 9 80/pause 50/specificTemporarySprite movieFrame 7 7 80/pause 50/specificTemporarySprite movieFrame 7 8 80/pause 50/specificTemporarySprite movieFrame 7 9 80/pause 50/specificTemporarySprite movieTheater_screen 1 6 false/pause 3000",
        "Text": "",
        "Shake": false,
        "ResponsePoint": null,
        "ID": "fall0_6"
      },
      {
        "Image": 7,
        "Music": "",
        "Sound": "",
        "MessageDelay": 500,
        "Script": "/pause 3000",
        "Text": "A variety of disjointed, other-worldly scenes play out...",
        "Shake": false,
        "ResponsePoint": "",
        "ID": "fall0_7"
      },
      {
        "Image": 8,
        "Music": "spirits_eve",
        "Sound": "",
        "MessageDelay": 500,
        "Script": "/playSound skeletonDie/pause 6000",
        "Text": "",
        "Shake": true,
        "ResponsePoint": null,
        "ID": "fall0_8"
      },
      {
        "Image": 9,
        "Music": "",
        "Sound": "",
        "MessageDelay": 500,
        "Script": "/playSound shadowpeep",
        "Text": "'You MUST tell your friends to see MYSTERIUM tonight...'",
        "Shake": false,
        "ResponsePoint": null,
        "ID": "fall0_9"
      },
      {
        "Image": 9,
        "Music": "",
        "Sound": "",
        "MessageDelay": 500,
        "Script": "/playSound shadowDie",
        "Text": "'...Or I will visit you in your sleep!'",
        "Shake": true,
        "ResponsePoint": "mysterium_shadow",
        "ID": "fall0_10"
      }
    ]
  },
  "summer_movie_0": {
    "ID": null,
    "SheetIndex": 2,
    "Title": "Journey Of The Prairie King: The Motion Picture",
    "Description": "The beloved video game comes to the silver screen!",
    "Tags": [
      "action"
    ],
    "Scenes": [
      {
        "Image": 0,
        "Music": "Cowboy_OVERWORLD",
        "Sound": "",
        "MessageDelay": 500,
        "Script": "/pause 4000",
        "Text": "'Journey Of The Prairie King: The Motion Picture'",
        "Shake": false,
        "ResponsePoint": null,
        "ID": "summer0_0"
      },
      {
        "Image": 1,
        "Music": "",
        "Sound": "",
        "MessageDelay": 500,
        "Script": "",
        "Text": "On the dusty old trail once again, we find Prairie King watching over a wagon train full of valuable treasure.",
        "Shake": false,
        "ResponsePoint": null,
        "ID": "summer0_1"
      },
      {
        "Image": 2,
        "Music": "",
        "Sound": "",
        "MessageDelay": 500,
        "Script": "",
        "Text": "But, unbeknownst to our hero, the evil outlaw is watching from a nearby cliff...",
        "Shake": false,
        "ResponsePoint": null,
        "ID": "summer0_2"
      },
      {
        "Image": 3,
        "Music": "cowboy_outlawsong",
        "Sound": "",
        "MessageDelay": 500,
        "Script": "",
        "Text": "'At last, I'll do away with that self-righteous sheriff and make off with the treasure... I deserve it!'",
        "Shake": false,
        "ResponsePoint": "PK_villain",
        "ID": "summer0_3"
      },
      {
        "Image": 4,
        "Music": "",
        "Sound": "",
        "MessageDelay": 500,
        "Script": "/pause 400/playSound thunder_small",
        "Text": "'Whoops! Looks like this avalanche is headed straight for the wagon train.'",
        "Shake": false,
        "ResponsePoint": null,
        "ID": "summer0_4"
      },
      {
        "Image": 5,
        "Music": "",
        "Sound": "",
        "MessageDelay": 500,
        "Script": "",
        "Text": "The Prairie King hears a faint rumbling in the distance... Look!",
        "Shake": false,
        "ResponsePoint": "",
        "ID": "summer0_5"
      },
      {
        "Image": 6,
        "Music": "",
        "Sound": "",
        "MessageDelay": 500,
        "Script": "/pause 1000/message \"Thinking quickly, he fires a shot.\"/pause 500/playSound cowboy_gunload/pause 500/playSound Cowboy_monsterDie/pause 500",
        "Text": "",
        "Shake": false,
        "ResponsePoint": null,
        "ID": "summer0_6"
      },
      {
        "Image": 7,
        "Music": "",
        "Sound": "",
        "MessageDelay": 500,
        "Script": "/pause 200/playSound cowboy_explosion/pause 1000/message \"But what's this? Water's flying everywhere!\"",
        "Text": "",
        "Shake": false,
        "ResponsePoint": null,
        "ID": "summer0_7"
      },
      {
        "Image": 8,
        "Music": "none",
        "Sound": "",
        "MessageDelay": 500,
        "Script": "/pause 500/playSound slimeHit/pause 400/playSound slimeHit/pause 400/playSound slimeHit/pause 400/playSound slimeHit/pause 400",
        "Text": "He's done it again! The thick mud stops the avalanche in its tracks.",
        "Shake": false,
        "ResponsePoint": "",
        "ID": "summer0_8"
      },
      {
        "Image": 1,
        "Music": "",
        "Sound": "Cowboy_Secret",
        "MessageDelay": 500,
        "Script": "",
        "Text": "The wagon train is saved.",
        "Shake": false,
        "ResponsePoint": null,
        "ID": "summer0_9"
      },
      {
        "Image": 9,
        "Music": "Cowboy_singing",
        "Sound": "",
        "MessageDelay": 500,
        "Script": "",
        "Text": "The End.",
        "Shake": false,
        "ResponsePoint": "",
        "ID": "summer0_10"
      }
    ]
  },
  "summer_movie_1": {
    "ID": null,
    "SheetIndex": 3,
    "Title": "Wumbus",
    "Description": "An absurd sci-fi comedy centered around the life and times of a lumpy guy from another star.",
    "Tags": [
      "sci-fi",
      "comedy",
      "family"
    ],
    "Scenes": [
      {
        "Image": 0,
        "Music": "movie_wumbus",
        "Sound": "",
        "MessageDelay": 500,
        "Script": "",
        "Text": "'Wumbus'",
        "Shake": false,
        "ResponsePoint": null,
        "ID": "summer1_0"
      },
      {
        "Image": 1,
        "Music": "",
        "Sound": "",
        "MessageDelay": 500,
        "Script": "",
        "Text": "Wumbus, always at ease, stretches out and enjoys the warmth of his planet's sun.",
        "Shake": false,
        "ResponsePoint": null,
        "ID": "summer1_1"
      },
      {
        "Image": 2,
        "Music": "",
        "Sound": "",
        "MessageDelay": 500,
        "Script": "",
        "Text": "His faithful servant, FoodBot, provides a steady stream of fried gluten pucks and 'red sauce'.",
        "Shake": false,
        "ResponsePoint": "",
        "ID": "summer1_2"
      },
      {
        "Image": 3,
        "Music": "",
        "Sound": "",
        "MessageDelay": 500,
        "Script": "",
        "Text": "Wumbus tries to get his nephew, Rossel, interested in star-system culture and affairs, but Rossel is unimpressed.",
        "Shake": false,
        "ResponsePoint": "",
        "ID": "summer1_3"
      },
      {
        "Image": 7,
        "Music": "",
        "Sound": "",
        "MessageDelay": 500,
        "Script": "",
        "Text": "'Pshhaw!'",
        "Shake": false,
        "ResponsePoint": null,
        "ID": "summer1_4"
      },
      {
        "Image": 4,
        "Music": "",
        "Sound": "",
        "MessageDelay": 500,
        "Script": "",
        "Text": "The movie is a humorous slice-of-life into Wumbus' strange world, a world where technology and society have 'advanced' to an extreme degree.",
        "Shake": false,
        "ResponsePoint": "",
        "ID": "summer1_5"
      },
      {
        "Image": 5,
        "Music": "",
        "Sound": "",
        "MessageDelay": 500,
        "Script": "/pause 800/playSound phone/pause 300",
        "Text": "Many scenes attempt to find humor in the absurdity of the modern lifestyle.",
        "Shake": false,
        "ResponsePoint": null,
        "ID": "summer1_6"
      },
      {
        "Image": 6,
        "Music": "",
        "Sound": "",
        "MessageDelay": 500,
        "Script": "",
        "Text": "But, despite having near-infinite entertainment options, Wumbus and his group of friends still enjoy gathering for a delicious meal of 'pizza' (formed from 100% gluten materials).",
        "Shake": false,
        "ResponsePoint": "",
        "ID": "summer1_7"
      }
    ]
  },
  "winter_movie_1": {
    "ID": null,
    "SheetIndex": 4,
    "Title": "The Zuzu City Express",
    "Description": "A beloved movie classic, carefully restored for modern theaters.",
    "Tags": [
      "classic",
      "romance"
    ],
    "Scenes": [
      {
        "Image": 0,
        "Music": "movie_classic",
        "Sound": "",
        "MessageDelay": 500,
        "Script": "",
        "Text": "'The Zuzu City Express'",
        "Shake": false,
        "ResponsePoint": null,
        "ID": "winter1_0"
      },
      {
        "Image": 1,
        "Music": "",
        "Sound": "",
        "MessageDelay": 500,
        "Script": "/pause 800/playSound trainWhistle/pause 300",
        "Text": "The Zuzu City Express makes one final trip south, from the icy coast... It's a three day journey!",
        "Shake": false,
        "ResponsePoint": "",
        "ID": "winter1_1"
      },
      {
        "Image": 2,
        "Music": "",
        "Sound": "",
        "MessageDelay": 500,
        "Script": "",
        "Text": "A young lady peers wistfully out the window.",
        "Shake": false,
        "ResponsePoint": "",
        "ID": "winter1_2"
      },
      {
        "Image": 3,
        "Music": "",
        "Sound": "",
        "MessageDelay": 500,
        "Script": "/pause 800/playSound doorCreak/pause 2000",
        "Text": "",
        "Shake": false,
        "ResponsePoint": null,
        "ID": "winter1_3"
      },
      {
        "Image": 4,
        "Music": "",
        "Sound": "",
        "MessageDelay": 500,
        "Script": "/pause 2000",
        "Text": "",
        "Shake": false,
        "ResponsePoint": "guyEnters",
        "ID": "winter1_4"
      },
      {
        "Image": 5,
        "Music": "",
        "Sound": "",
        "MessageDelay": 500,
        "Script": "",
        "Text": "The movie explores a timeless theme... the conflict between reason and emotion.",
        "Shake": false,
        "ResponsePoint": null,
        "ID": "winter1_5"
      },
      {
        "Image": 6,
        "Music": "",
        "Sound": "",
        "MessageDelay": 500,
        "Script": "",
        "Text": "Will she follow the directions of her rational mind, or the longings of her heart?",
        "Shake": false,
        "ResponsePoint": "zuzucityexpress_mind_heart",
        "ID": "winter1_6"
      },
      {
        "Image": 1,
        "Music": "",
        "Sound": "",
        "MessageDelay": 500,
        "Script": "",
        "Text": "The movie ends before we ever find out...",
        "Shake": false,
        "ResponsePoint": null,
        "ID": "winter1_7"
      }
    ]
  },
  "winter_movie_0": {
    "ID": null,
    "SheetIndex": 5,
    "Title": "The Miracle At Coldstar Ranch",
    "Description": "Against all odds, a family keeps the spirit of the Winter Star alive...",
    "Tags": [
      "family",
      "classic"
    ],
    "Scenes": [
      {
        "Image": 0,
        "Music": "winter1",
        "Sound": "",
        "MessageDelay": 500,
        "Script": "",
        "Text": "'The Miracle at Coldstar Ranch'",
        "Shake": false,
        "ResponsePoint": null,
        "ID": "winter0_0"
      },
      {
        "Image": 1,
        "Music": "",
        "Sound": "",
        "MessageDelay": 500,
        "Script": "",
        "Text": "It's the eve of The Winter Star, and it's been snowing for 3 weeks straight.",
        "Shake": false,
        "ResponsePoint": null,
        "ID": "winter0_1"
      },
      {
        "Image": 2,
        "Music": "",
        "Sound": "",
        "MessageDelay": 500,
        "Script": "",
        "Text": "The Coldstar family is stranded... getting to town is impossible. Fortunately, the cows have enough hay to get by.",
        "Shake": false,
        "ResponsePoint": null,
        "ID": "winter0_2"
      },
      {
        "Image": 2,
        "Music": "",
        "Sound": "",
        "MessageDelay": 500,
        "Script": "/pause 200/playSound cow/pause 500",
        "Text": "",
        "Shake": false,
        "ResponsePoint": null,
        "ID": "winter0_3"
      },
      {
        "Image": 3,
        "Music": "",
        "Sound": "",
        "MessageDelay": 500,
        "Script": "",
        "Text": "...But the family has run out of food.",
        "Shake": false,
        "ResponsePoint": null,
        "ID": "winter0_4"
      },
      {
        "Image": 3,
        "Music": "",
        "Sound": "",
        "MessageDelay": 500,
        "Script": "/pause 500/playSound croak/pause 500",
        "Text": "",
        "Shake": false,
        "ResponsePoint": "",
        "ID": "winter0_5"
      },
      {
        "Image": 4,
        "Music": "",
        "Sound": "",
        "MessageDelay": 500,
        "Script": "",
        "Text": "Still, Papa Coldstar braves the treacherous conditions to cut down the winter star tree...",
        "Shake": false,
        "ResponsePoint": null,
        "ID": "winter0_6"
      },
      {
        "Image": 4,
        "Music": "",
        "Sound": "",
        "MessageDelay": 500,
        "Script": "/pause 300/playSound axe/pause 400/playSound axchop/pause 400/playSound axchop/pause 800/playSound treethud/pause 300",
        "Text": "",
        "Shake": false,
        "ResponsePoint": "",
        "ID": "winter0_7"
      },
      {
        "Image": 5,
        "Music": "",
        "Sound": "",
        "MessageDelay": 500,
        "Script": "",
        "Text": "In spite of their hunger, the family decorates the tree, keeping the promise of the Winter Star alive.",
        "Shake": false,
        "ResponsePoint": "",
        "ID": "winter0_8"
      },
      {
        "Image": 6,
        "Music": "",
        "Sound": "",
        "MessageDelay": 500,
        "Script": "/pause 1000",
        "Text": "",
        "Shake": false,
        "ResponsePoint": null,
        "ID": "winter0_9"
      },
      {
        "Image": 6,
        "Music": "",
        "Sound": "",
        "MessageDelay": 500,
        "Script": "",
        "Text": "That night, an unusual phenomenon...",
        "Shake": false,
        "ResponsePoint": null,
        "ID": "winter0_10"
      },
      {
        "Image": 7,
        "Music": "",
        "Sound": "",
        "MessageDelay": 500,
        "Script": "/pause 1000/specificTemporarySprite coldstarMiracle/pause 500/playSound discoverMineral/pause 3000/message \"The next day, Mama Coldstar is astonished to find the tree adorned with cosmic fruit.\"/pause 500/message \"'We believed in the Winter Star, and so we were remembered!'\"",
        "Text": "",
        "Shake": false,
        "ResponsePoint": null,
        "ID": "winter0_11"
      },
      {
        "Image": 8,
        "Music": "",
        "Sound": "",
        "MessageDelay": 500,
        "Script": "/specificTemporarySprite removeSprite 989",
        "Text": "They all shared the Stardrop fruit. Despite its small size, it was the most filling and delicious meal they'd ever had.",
        "Shake": false,
        "ResponsePoint": null,
        "ID": "winter0_12"
      },
      {
        "Image": 8,
        "Music": "",
        "Sound": "",
        "MessageDelay": 500,
        "Script": "",
        "Text": "The family is saved, and the spirit of hope is alive and well. The promise of the Winter Star is kept once again...",
        "Shake": false,
        "ResponsePoint": "",
        "ID": "winter0_13"
      }
    ]
  },
  "spring_movie_1": {
    "ID": null,
    "SheetIndex": 6,
    "Title": "Natural Wonders: Exploring Our Vibrant World",
    "Description": "Take a tour through the lands of the Ferngill Republic... from The Fern Islands to Zuzu City, this world is full of life!",
    "Tags": [
      "documentary",
      "family"
    ],
    "Scenes": [
      {
        "Image": 0,
        "Music": "movie_nature",
        "Sound": "",
        "MessageDelay": 500,
        "Script": "",
        "Text": "'Natural Wonders: Exploring Our Vibrant World'",
        "Shake": false,
        "ResponsePoint": null,
        "ID": "spring1_0"
      },
      {
        "Image": 1,
        "Music": "",
        "Sound": "",
        "MessageDelay": 500,
        "Script": "",
        "Text": "The Fern Islands, a tropical paradise 80 miles off the southern coast. The islands formed due to volcanic activity in the region, and are still growing...",
        "Shake": false,
        "ResponsePoint": "",
        "ID": "spring1_1"
      },
      {
        "Image": 2,
        "Music": "",
        "Sound": "",
        "MessageDelay": 500,
        "Script": "",
        "Text": "The warm climate of the southern ocean allows for extreme biodiversity... in short, the island is teeming with life!",
        "Shake": false,
        "ResponsePoint": null,
        "ID": "spring1_2"
      },
      {
        "Image": 3,
        "Music": "",
        "Sound": "",
        "MessageDelay": 500,
        "Script": "",
        "Text": "Now we move north to the bustle of Zuzu City. It's a world of concrete and steel, illuminated by the glow of city light.",
        "Shake": false,
        "ResponsePoint": null,
        "ID": "spring1_3"
      },
      {
        "Image": 4,
        "Music": "",
        "Sound": "",
        "MessageDelay": 500,
        "Script": "",
        "Text": "The conditions may be harsh, but still, we find abundant life...",
        "Shake": false,
        "ResponsePoint": "",
        "ID": "spring1_4"
      },
      {
        "Image": 5,
        "Music": "",
        "Sound": "",
        "MessageDelay": 500,
        "Script": "",
        "Text": "Far to the west, alone in the vast Gem Sea, lies Prairie Island. In spite of its name, this land is home to a diverse array of natural biomes.",
        "Shake": false,
        "ResponsePoint": null,
        "ID": "spring1_5"
      },
      {
        "Image": 6,
        "Music": "",
        "Sound": "",
        "MessageDelay": 500,
        "Script": "",
        "Text": "The island is known for its abundant population of raccoons!",
        "Shake": false,
        "ResponsePoint": "",
        "ID": "spring1_6"
      },
      {
        "Image": 7,
        "Music": "",
        "Sound": "",
        "MessageDelay": 500,
        "Script": "",
        "Text": "Finally, we return to the mainland, to visit one of the most pleasant areas of the continent... Stardew Valley.",
        "Shake": false,
        "ResponsePoint": null,
        "ID": "spring1_7"
      },
      {
        "Image": 8,
        "Music": "",
        "Sound": "",
        "MessageDelay": 500,
        "Script": "",
        "Text": "The temperate climate of the valley is the perfect home for a variety of woodland creatures and insects. What a beautiful place!",
        "Shake": false,
        "ResponsePoint": "",
        "ID": "spring1_8"
      }
    ]
  },
  "fall_movie_1": {
    "ID": null,
    "SheetIndex": 7,
    "Title": "It Howls In The Rain",
    "Description": "A group of youngsters set out to discover the source of a mysterious sound. (Parental Supervision Required)",
    "Tags": [
      "horror"
    ],
    "Scenes": [
      {
        "Image": 0,
        "Music": "Upper_Ambient",
        "Sound": "",
        "MessageDelay": 500,
        "Script": "/pause 1000/playSound cavedrip/pause 1000/playSound cavedrip/spriteText 7 \"It Howls In The Rain \"",
        "Text": "",
        "Shake": false,
        "ResponsePoint": null,
        "ID": "fall1_0"
      },
      {
        "Image": 1,
        "Music": "",
        "Sound": "",
        "MessageDelay": 500,
        "Script": "",
        "Text": "'The following footage was salvaged from an abandoned camcorder 30 miles south of Grampleton'",
        "Shake": false,
        "ResponsePoint": "",
        "ID": "fall1_1"
      },
      {
        "Image": 2,
        "Music": "rain",
        "Sound": "",
        "MessageDelay": 500,
        "Script": "/specificTemporarySprite movieFrame 7 7 80/pause 50/specificTemporarySprite movieFrame 7 8 80/pause 50/specificTemporarySprite movieFrame 7 9 80/pause 50/pause 2000/playSound rainsound/pause 1000",
        "Text": "'Did you hear that? I think it came from those woods... Let's go...'",
        "Shake": false,
        "ResponsePoint": null,
        "ID": "fall1_2"
      },
      {
        "Image": 3,
        "Music": "",
        "Sound": "",
        "MessageDelay": 500,
        "Script": "/pause 1000/message \"'(Heavy Breathing)... Look!'\"/playSound leafrustle/specificTemporarySprite woodswalker/pause 1000/playSound rainsound/pause 5000",
        "Text": "",
        "Shake": false,
        "ResponsePoint": "",
        "ID": "fall1_3"
      },
      {
        "Image": 4,
        "Music": "",
        "Sound": "",
        "MessageDelay": 500,
        "Script": "/pause 500/playSound leafrustle/pause 500/playSound leafrustle/pause 400/playSound leafrustle/pause 500/playSound rainsound",
        "Text": "(The camera lurches forward into the forest)",
        "Shake": true,
        "ResponsePoint": null,
        "ID": "fall1_4"
      },
      {
        "Image": 4,
        "Music": "",
        "Sound": "",
        "MessageDelay": 500,
        "Script": "/specificTemporarySprite movieFrame 7 5 1700/playSound batScreech/spriteText 4 \"Agh! \"/pause 20",
        "Text": "'Oh, it's just you, Gary... *pant* *pant*... Stop grabbing my arm!'",
        "Shake": true,
        "ResponsePoint": "",
        "ID": "fall1_5"
      },
      {
        "Image": 6,
        "Music": "",
        "Sound": "",
        "MessageDelay": 500,
        "Script": "/specificTemporarySprite movieBush/pause 2000/specificTemporarySprite shakeBush/playSound leafrustle/pause 700/specificTemporarySprite shakeBushStop/pause 900/specificTemporarySprite shakeBush/playSound leafrustle/pause 700/specificTemporarySprite shakeBushStop/pause 900/message \"'Look! It's in the bush...'\"/pause 2000",
        "Text": "",
        "Shake": false,
        "ResponsePoint": null,
        "ID": "fall1_6"
      },
      {
        "Image": 6,
        "Music": "",
        "Sound": "",
        "MessageDelay": 500,
        "Script": "/specificTemporarySprite shakeBush/playSound leafrustle/specificTemporarySprite evilRabbit/playSound dustMeep/specificTemporarySprite shakeBushStop/spriteText 4 \"Aiii! \"/pause 500/spriteText 4 \"Oh... \"/pause 500/playSound rainsound/specificTemporarySprite movieFrame 7 7 500/specificTemporarySprite removeSprite 777/specificTemporarySprite removeSprite 778",
        "Text": "",
        "Shake": false,
        "ResponsePoint": null,
        "ID": "fall1_7"
      },
      {
        "Image": 7,
        "Music": "",
        "Sound": "",
        "MessageDelay": 500,
        "Script": "/pause 50/specificTemporarySprite movieFrame 7 8 80/pause 50/specificTemporarySprite movieFrame 7 9 80/pause 50/specificTemporarySprite movieFrame 7 7 80/pause 50/specificTemporarySprite movieFrame 7 8 80/pause 50/specificTemporarySprite movieFrame 7 9 80/pause 50/specificTemporarySprite movieFrame 7 7 80/pause 50/specificTemporarySprite movieFrame 7 8 80/pause 50/specificTemporarySprite movieFrame 7 9 80/pause 50/pause 50/specificTemporarySprite movieFrame 7 8 80/pause 50/specificTemporarySprite movieFrame 7 9 80/pause 50/specificTemporarySprite movieFrame 7 7 80/pause 50/specificTemporarySprite movieFrame 7 8 80/pause 50/specificTemporarySprite movieFrame 7 9 80/pause 50/specificTemporarySprite movieFrame 7 7 80/pause 50/specificTemporarySprite movieFrame 7 8 80/pause 50/specificTemporarySprite movieFrame 7 9 80/pause 50/pause 50/specificTemporarySprite movieFrame 7 8 80/pause 50/specificTemporarySprite movieFrame 7 9 80/pause 50/specificTemporarySprite movieFrame 7 7 80/pause 50/specificTemporarySprite movieFrame 7 8 80/pause 50/specificTemporarySprite movieFrame 7 9 80/pause 50/specificTemporarySprite movieFrame 7 7 80/pause 50/specificTemporarySprite movieFrame 7 8 80/pause 50/specificTemporarySprite movieFrame 7 9 80/pause 50",
        "Text": "(Muffled cries and a strange shuffling sound can be heard)",
        "Shake": false,
        "ResponsePoint": null,
        "ID": "fall1_8"
      },
      {
        "Image": 4,
        "Music": "",
        "Sound": "",
        "MessageDelay": 500,
        "Script": "/pause 1000/playSound rainsound/pause 1000/spriteText 4 \"It's still out there... \"",
        "Text": "",
        "Shake": false,
        "ResponsePoint": "",
        "ID": "fall1_9"
      }
    ]
  }
}