{
	"Fri.000": "This stuff can definitely be incorporated into a healthy diet.",
	"marriageJob.000": "Hi Honey. What are you doing at the clinic?#$e#Ah, you just came to see me. That's nice.$h",
	"Fri.001": "I'm just putting away these groceries.",
	"marriage_Mon.001": "The sound of running water is relaxing for me.",
	"marriage_Mon.000": "Hi! I'm just shopping for some essentials, so I can continue to cook healthy meals for us.",
	"Sat.000": "I'm just putting away these groceries.",
	"winter_15.000": "Winter can be a dreary season, but events like this make it a little brighter!"
}