{
	"spring_11.003": "Vincent was very brave at the doctor's today. I'm proud of him.",
	"winter_17.000": "It must be so thrilling to travel the world like they do... *sigh*...",
	"spring_11.001": "Be brave, Vincent. Think of your father.",
	"Tue.000": "Ohhh... My arms feel like gelatin... $s",
	"spring.000": "Shhh... he's asleep.",
	"spring_18.000": "Hey! You can't just barge into a private appointment!$u",
	"spring_11.002": "Doctor Harvey? I'm worried about Vincent's height. Isn't he a little short for his age?",
	"spring_11.000": "Vincent hates going to the doctor more than anything, but he'll just have to deal with it."
}