{
	"fall_9.000": "Erm... Doctor Harvey? This is completely confidential, right?",
	"15.000": "I like to check in with the local businesses and see how they're doing.",
	"6.000": "I'm here to collect Clint's business tax.",
	"1.000": "Well, the fish certainly smells fresh this season.",
	"Tue.000": "I do all my grocery shopping here.$h",
	"3.000": "I'm just here to make sure all of Marnie's business needs are met.",
	"6.001": "The library is one of Selkirk's greatest features. It's funded with the taxes we collect from local business.",
	"winter_16.000": "You know, I've purchased some of my favorite items from this market..."
}