{
	"marriage_Mon.002": "I hope Penny decides to get married some day.",
	"winter_16.000": "Wow, the tech on this thing is amazing!",
	"marriageJob.000": "I'm at work, honey! Don't let the doctor see.",
	"marriageJob.002": "I'm almost off work...",
	"marriage_Mon.001": "Dad's making good progress on his experiment.",
	"summer.000": "It's hard to really grasp the scale of the universe.$8",
	"marriage_Mon.000": "Hey! Mom seems to be doing okay without my help. She's a tough lady.",
	"marriageJob.001": "It's nice for you to visit me.$h"
}