{
	"fall_11.000": "I gotta go visit Uncle Doctor today... Great.$7",
	"winter_17.000": "Maybe if all else fails, I'll become a submarine captain. That might be cool.",
	"marriage_Fri.001": "Sorry, honey. I'm trying to concentrate here... $7",
	"marriage_Mon.001": "Vincent seems a little lonely without me around. I used to play with him a lot.",
	"marriage_Fri.000": "Don't tell my mom... but I really just came over for a free lunch.$h",
	"fall_11.002": "I just got out of the doctor's office. Completely healthy and vigorous, just as I expected.$h",
	"marriage_Mon.000": "Mom seems okay. A little overworked, maybe.",
	"fall_11.001": "I'm a healthy boy, doc. Can I go now? This is boring.",
	"rain2.000": "Nothing like an ice cold Joja Cola on a sopping wet day, huh?#$e#Just kidding. Hehehe.$h"
}