{
	"summer_4.000": "Dammit... I almost forgot. I have to go see Doctor Harvey today.",
	"Fri.000": "Should I let Sam win for once? ...nah.$h",
	"marriage_Fri.001": "My skills haven't declined... Sam's still just as easy to beat.$h",
	"summer_4.001": "What are you doing in here? I could've been naked!$a",
	"marriage_Mon.001": "Mom's face lit up when I walked in. She deserves to be happy.$7",
	"marriage_Fri.000": "I'm going to hang out with my old friends tonight. I'll be home later.",
	"marriage_Mon.000": "Standing at this spot really makes me want a smoke... but I'm determined to quit now.",
	"rain.000": "The ocean is best enjoyed alone... don't you think?",
	"winter_16.000": "I feel more relaxed at night... I might even buy a trinket."
}